ISO-10303-21;
HEADER;
FILE_DESCRIPTION (( 'STEP AP214' ),
    '1' );
FILE_NAME ('ME6211C33M5G.STEP',
    '2025-05-01T18:32:16',
    ( '' ),
    ( '' ),
    'SwSTEP 2.0',
    'SolidWorks 2021',
    '' );
FILE_SCHEMA (( 'AUTOMOTIVE_DESIGN' ));
ENDSEC;

DATA;
#1 = CARTESIAN_POINT ( 'NONE',  ( -1.037807865309078537, 0.3562162680153466709, 1.125000000000000222 ) ) ;
#2 = EDGE_CURVE ( 'NONE', #2907, #2299, #2417, .T. ) ;
#3 = UNCERTAINTY_MEASURE_WITH_UNIT (LENGTH_MEASURE( 1.000000000000000082E-05 ), #3084, 'distance_accuracy_value', 'NONE');
#4 = VERTEX_POINT ( 'NONE', #985 ) ;
#5 = DIRECTION ( 'NONE',  ( -0.3420201433256686019, -0.9396926207859085389, 0.000000000000000000 ) ) ;
#6 = VERTEX_POINT ( 'NONE', #1388 ) ;
#7 = DIRECTION ( 'NONE',  ( -0.000000000000000000, -0.000000000000000000, -1.000000000000000000 ) ) ;
#8 = DIRECTION ( 'NONE',  ( -0.000000000000000000, -0.000000000000000000, -1.000000000000000000 ) ) ;
#9 = EDGE_CURVE ( 'NONE', #2068, #2629, #451, .T. ) ;
#10 = ADVANCED_FACE ( 'NONE', ( #2652 ), #2164, .F. ) ;
#11 = ORIENTED_EDGE ( 'NONE', *, *, #1882, .T. ) ;
#12 = DIRECTION ( 'NONE',  ( -0.000000000000000000, -0.000000000000000000, -1.000000000000000000 ) ) ;
#13 = ORIENTED_EDGE ( 'NONE', *, *, #256, .T. ) ;
#14 =( GEOMETRIC_REPRESENTATION_CONTEXT ( 3 ) GLOBAL_UNCERTAINTY_ASSIGNED_CONTEXT ( ( #931 ) ) GLOBAL_UNIT_ASSIGNED_CONTEXT ( ( #2454, #2436, #990 ) ) REPRESENTATION_CONTEXT ( 'NONE', 'WORKASPACE' ) );
#15 = EDGE_LOOP ( 'NONE', ( #482, #373, #2928, #717 ) ) ;
#16 = ADVANCED_FACE ( 'NONE', ( #429 ), #492, .F. ) ;
#17 = PLANE ( 'NONE',  #2004 ) ;
#18 = AXIS2_PLACEMENT_3D ( 'NONE', #2560, #1373, #2809 ) ;
#19 = ORIENTED_EDGE ( 'NONE', *, *, #967, .T. ) ;
#20 = ORIENTED_EDGE ( 'NONE', *, *, #2322, .F. ) ;
#21 = DIRECTION ( 'NONE',  ( -1.000000000000000000, 0.000000000000000000, 0.000000000000000000 ) ) ;
#22 = DIRECTION ( 'NONE',  ( -0.1294283079955604598, 0.9831056027603609637, 0.1294283079955604598 ) ) ;
#23 = CARTESIAN_POINT ( 'NONE',  ( -1.102563037094570930, 0.8750000000000226485, 0.1750000000000001277 ) ) ;
#24 = DIRECTION ( 'NONE',  ( 0.9659258262890680902, 0.2588190451025215166, 0.000000000000000000 ) ) ;
#25 = ADVANCED_FACE ( 'NONE', ( #2621 ), #1670, .F. ) ;
#26 = VERTEX_POINT ( 'NONE', #1164 ) ;
#27 = CARTESIAN_POINT ( 'NONE',  ( -0.8275630370946016612, 0.8750000000000226485, 0.1750000000000001277 ) ) ;
#28 = EDGE_LOOP ( 'NONE', ( #2718, #1873, #2195, #1452 ) ) ;
#29 = AXIS2_PLACEMENT_3D ( 'NONE', #2692, #1525, #1743 ) ;
#30 = CARTESIAN_POINT ( 'NONE',  ( 0.7749999999999999112, 0.9750000000000231815, 1.125000000000000222 ) ) ;
#31 = ADVANCED_FACE ( 'NONE', ( #2117 ), #3065, .T. ) ;
#32 =( NAMED_UNIT ( * ) SI_UNIT ( $, .STERADIAN. ) SOLID_ANGLE_UNIT ( ) );
#33 = CIRCLE ( 'NONE', #1496, 0.1000000000000000472 ) ;
#34 = ADVANCED_FACE ( 'NONE', ( #925 ), #1406, .T. ) ;
#35 = CARTESIAN_POINT ( 'NONE',  ( 0.7749999999999996891, 1.149999999999992140, -1.450000000000000400 ) ) ;
#36 = CIRCLE ( 'NONE', #1803, 0.1000000000000000472 ) ;
#37 = AXIS2_PLACEMENT_3D ( 'NONE', #2801, #2335, #1112 ) ;
#38 = COLOUR_RGB ( '',0.7921568627450980005, 0.8196078431372548767, 0.9333333333333333481 ) ;
#39 = ORIENTED_EDGE ( 'NONE', *, *, #447, .F. ) ;
#40 = DIRECTION ( 'NONE',  ( 1.000000000000000000, 0.000000000000000000, 0.000000000000000000 ) ) ;
#41 = VERTEX_POINT ( 'NONE', #1637 ) ;
#42 = CARTESIAN_POINT ( 'NONE',  ( -1.102563037094570930, 0.8750000000000226485, -1.125000000000000000 ) ) ;
#43 = PLANE ( 'NONE',  #3096 ) ;
#44 = LINE ( 'NONE', #2245, #234 ) ;
#45 = EDGE_LOOP ( 'NONE', ( #1307, #1598, #2931, #951 ) ) ;
#46 = DIRECTION ( 'NONE',  ( -1.000000000000000000, 0.000000000000000000, 0.000000000000000000 ) ) ;
#47 = DIRECTION ( 'NONE',  ( -1.000000000000000000, 0.000000000000000000, 0.000000000000000000 ) ) ;
#48 = ORIENTED_EDGE ( 'NONE', *, *, #3047, .T. ) ;
#49 = CARTESIAN_POINT ( 'NONE',  ( -1.011925960798826463, 0.2596236853864398175, 0.1750000000000001277 ) ) ;
#50 = CIRCLE ( 'NONE', #3016, 0.2749999999999694911 ) ;
#51 = CARTESIAN_POINT ( 'NONE',  ( -1.037807865309078537, 0.3562162680153466709, -0.1749999999999999056 ) ) ;
#52 = FACE_OUTER_BOUND ( 'NONE', #590, .T. ) ;
#53 = VERTEX_POINT ( 'NONE', #2605 ) ;
#54 = ORIENTED_EDGE ( 'NONE', *, *, #2321, .F. ) ;
#55 = DIRECTION ( 'NONE',  ( -1.000000000000000000, 0.000000000000000000, 0.000000000000000000 ) ) ;
#56 = CARTESIAN_POINT ( 'NONE',  ( 0.8275630370946016612, 0.8750000000000226485, -0.7749999999999999112 ) ) ;
#57 = DIRECTION ( 'NONE',  ( 0.000000000000000000, 0.000000000000000000, 1.000000000000000000 ) ) ;
#58 = DIRECTION ( 'NONE',  ( -0.000000000000000000, -0.000000000000000000, -1.000000000000000000 ) ) ;
#59 = VERTEX_POINT ( 'NONE', #2375 ) ;
#60 = CARTESIAN_POINT ( 'NONE',  ( -1.011925960798826463, 0.2596236853864398175, -0.7749999999999999112 ) ) ;
#61 = FACE_OUTER_BOUND ( 'NONE', #615, .T. ) ;
#62 = VERTEX_POINT ( 'NONE', #698 ) ;
#63 = CIRCLE ( 'NONE', #719, 0.2749999999999694911 ) ;
#64 = SURFACE_SIDE_STYLE ('',( #559 ) ) ;
#65 = CARTESIAN_POINT ( 'NONE',  ( 0.6663866894903979210, 0.1499999999999999944, 1.341386689490397632 ) ) ;
#66 = ORIENTED_EDGE ( 'NONE', *, *, #2741, .F. ) ;
#67 = AXIS2_PLACEMENT_3D ( 'NONE', #494, #1408, #3098 ) ;
#68 = ORIENTED_EDGE ( 'NONE', *, *, #1195, .T. ) ;
#69 = FACE_OUTER_BOUND ( 'NONE', #196, .T. ) ;
#70 = ORIENTED_EDGE ( 'NONE', *, *, #2217, .F. ) ;
#71 = DIRECTION ( 'NONE',  ( 1.000000000000000000, 0.000000000000000000, -0.000000000000000000 ) ) ;
#72 = VECTOR ( 'NONE', #1886, 1000.000000000000000 ) ;
#73 = CARTESIAN_POINT ( 'NONE',  ( -0.9666326279058929938, 0.09058666578588239759, 1.125000000000000222 ) ) ;
#74 = ADVANCED_FACE ( 'NONE', ( #1654, #1188 ), #763, .F. ) ;
#75 = LINE ( 'NONE', #23, #2204 ) ;
#76 = CARTESIAN_POINT ( 'NONE',  ( -0.7750000000000002442, -3.288236609491476337, 1.449999999999999512 ) ) ;
#77 = ADVANCED_FACE ( 'NONE', ( #2898 ), #2430, .F. ) ;
#78 = EDGE_CURVE ( 'NONE', #525, #694, #536, .T. ) ;
#79 = EDGE_CURVE ( 'NONE', #3110, #2445, #2683, .T. ) ;
#80 = ORIENTED_EDGE ( 'NONE', *, *, #2516, .T. ) ;
#81 = FACE_OUTER_BOUND ( 'NONE', #2780, .T. ) ;
#82 = LINE ( 'NONE', #2468, #1599 ) ;
#83 = DIRECTION ( 'NONE',  ( -1.000000000000000000, 0.000000000000000000, 0.000000000000000000 ) ) ;
#84 = PLANE ( 'NONE',  #748 ) ;
#85 = ORIENTED_EDGE ( 'NONE', *, *, #1611, .F. ) ;
#86 = ADVANCED_FACE ( 'NONE', ( #747 ), #1504, .T. ) ;
#87 = ORIENTED_EDGE ( 'NONE', *, *, #1707, .T. ) ;
#88 = CYLINDRICAL_SURFACE ( 'NONE', #1423, 0.1000000000000000472 ) ;
#89 = VECTOR ( 'NONE', #2294, 1000.000000000000000 ) ;
#90 = VECTOR ( 'NONE', #268, 1000.000000000000000 ) ;
#91 = ORIENTED_EDGE ( 'NONE', *, *, #1595, .F. ) ;
#92 = PRESENTATION_STYLE_ASSIGNMENT (( #2287 ) ) ;
#93 = CARTESIAN_POINT ( 'NONE',  ( 0.8275630370946016612, 0.9750000000000226263, -0.7749999999999999112 ) ) ;
#94 = DIRECTION ( 'NONE',  ( -0.000000000000000000, -0.000000000000000000, -1.000000000000000000 ) ) ;
#95 = VERTEX_POINT ( 'NONE', #1736 ) ;
#96 = DIRECTION ( 'NONE',  ( -1.000000000000000000, 0.000000000000000000, 0.000000000000000000 ) ) ;
#97 = CARTESIAN_POINT ( 'NONE',  ( -0.8275630370946016612, 0.8750000000000226485, 0.7750000000000001332 ) ) ;
#98 = EDGE_CURVE ( 'NONE', #1417, #1306, #50, .T. ) ;
#99 = CARTESIAN_POINT ( 'NONE',  ( -0.9275630370946015280, 0.8750000000000226485, 0.7750000000000001332 ) ) ;
#101 = VERTEX_POINT ( 'NONE', #2667 ) ;
#100 = ORIENTED_EDGE ( 'NONE', *, *, #1163, .F. ) ;
#102 = ORIENTED_EDGE ( 'NONE', *, *, #2230, .F. ) ;
#103 = ORIENTED_EDGE ( 'NONE', *, *, #811, .F. ) ;
#104 = SURFACE_STYLE_USAGE ( .BOTH. , #1727 ) ;
#105 = CARTESIAN_POINT ( 'NONE',  ( 1.085978507810697158, 0.7809444605854741761, 1.125000000000000222 ) ) ;
#106 = EDGE_LOOP ( 'NONE', ( #2262, #2116 ) ) ;
#107 = CARTESIAN_POINT ( 'NONE',  ( -0.7793923945929824848, 0.4502718074298951989, 0.7750000000000001332 ) ) ;
#108 = CARTESIAN_POINT ( 'NONE',  ( 1.085978507810697158, 0.7809444605854741761, -1.125000000000000000 ) ) ;
#109 = DIRECTION ( 'NONE',  ( 0.9659258262890685343, -0.2588190451025196293, -0.000000000000000000 ) ) ;
#110 = ADVANCED_FACE ( 'NONE', ( #1485 ), #1470, .T. ) ;
#111 = DIRECTION ( 'NONE',  ( -1.000000000000000000, 0.000000000000000000, 0.000000000000000000 ) ) ;
#113 = EDGE_LOOP ( 'NONE', ( #511, #2220, #1826, #752 ) ) ;
#112 = VERTEX_POINT ( 'NONE', #283 ) ;
#114 = EDGE_CURVE ( 'NONE', #2299, #1583, #1956, .T. ) ;
#115 = VERTEX_POINT ( 'NONE', #2362 ) ;
#116 = CYLINDRICAL_SURFACE ( 'NONE', #2620, 0.2749999999999692690 ) ;
#117 = ORIENTED_EDGE ( 'NONE', *, *, #173, .F. ) ;
#118 = LINE ( 'NONE', #2050, #246 ) ;
#119 = EDGE_CURVE ( 'NONE', #2237, #547, #522, .T. ) ;
#120 = FACE_OUTER_BOUND ( 'NONE', #2897, .T. ) ;
#121 = LINE ( 'NONE', #3023, #1215 ) ;
#122 = ORIENTED_EDGE ( 'NONE', *, *, #309, .T. ) ;
#123 = DIRECTION ( 'NONE',  ( 0.000000000000000000, 0.000000000000000000, 1.000000000000000000 ) ) ;
#124 = PLANE ( 'NONE',  #2557 ) ;
#125 = CARTESIAN_POINT ( 'NONE',  ( 0.8275630370946016612, 0.8750000000000226485, -0.7749999999999999112 ) ) ;
#126 = DIRECTION ( 'NONE',  ( 0.2588190451025215166, 0.9659258262890680902, -0.000000000000000000 ) ) ;
#128 = VERTEX_POINT ( 'NONE', #2106 ) ;
#127 = ORIENTED_EDGE ( 'NONE', *, *, #973, .T. ) ;
#129 = EDGE_CURVE ( 'NONE', #2233, #579, #1428, .T. ) ;
#130 = AXIS2_PLACEMENT_3D ( 'NONE', #2673, #2242, #1695 ) ;
#131 = ORIENTED_EDGE ( 'NONE', *, *, #405, .F. ) ;
#132 = DIRECTION ( 'NONE',  ( -0.9659258262890680902, -0.2588190451025215721, 0.000000000000000000 ) ) ;
#133 = MECHANICAL_DESIGN_GEOMETRIC_PRESENTATION_REPRESENTATION (  '', ( #2601 ), #282 ) ;
#134 = EDGE_LOOP ( 'NONE', ( #2500, #1905, #2028, #2634 ) ) ;
#135 = PLANE ( 'NONE',  #2354 ) ;
#136 = CARTESIAN_POINT ( 'NONE',  ( 0.7793923945929824848, 0.4502718074298952544, 1.125000000000000222 ) ) ;
#137 = AXIS2_PLACEMENT_3D ( 'NONE', #318, #1248, #1950 ) ;
#138 = AXIS2_PLACEMENT_3D ( 'NONE', #1800, #2085, #367 ) ;
#139 = CIRCLE ( 'NONE', #395, 0.1000000000000000472 ) ;
#140 = VECTOR ( 'NONE', #1713, 1000.000000000000000 ) ;
#141 = DIRECTION ( 'NONE',  ( -0.000000000000000000, -0.000000000000000000, -1.000000000000000000 ) ) ;
#142 = CARTESIAN_POINT ( 'NONE',  ( -1.011925960798826463, 0.2596236853864398175, 0.7750000000000001332 ) ) ;
#143 = CARTESIAN_POINT ( 'NONE',  ( -0.8275630370946016612, 0.9750000000000226263, 1.125000000000000222 ) ) ;
#144 = PLANE ( 'NONE',  #2590 ) ;
#146 = ORIENTED_EDGE ( 'NONE', *, *, #2870, .T. ) ;
#145 = ORIENTED_EDGE ( 'NONE', *, *, #549, .T. ) ;
#147 = ORIENTED_EDGE ( 'NONE', *, *, #1655, .F. ) ;
#148 = EDGE_CURVE ( 'NONE', #767, #1150, #3066, .T. ) ;
#149 = DIRECTION ( 'NONE',  ( 0.2588190451025196293, 0.9659258262890686453, -0.000000000000000000 ) ) ;
#150 = VECTOR ( 'NONE', #381, 1000.000000000000000 ) ;
#151 = ORIENTED_EDGE ( 'NONE', *, *, #2732, .F. ) ;
#152 = FACE_OUTER_BOUND ( 'NONE', #461, .T. ) ;
#153 = CARTESIAN_POINT ( 'NONE',  ( -0.4250000000000003220, 1.449999999999999956, -0.9500000000000003997 ) ) ;
#154 = PLANE ( 'NONE',  #2756 ) ;
#155 = DIRECTION ( 'NONE',  ( 0.000000000000000000, -1.000000000000000000, 0.000000000000000000 ) ) ;
#156 = DIRECTION ( 'NONE',  ( 1.000000000000000000, -8.250681333608500589E-15, 0.000000000000000000 ) ) ;
#158 = ORIENTED_EDGE ( 'NONE', *, *, #877, .F. ) ;
#157 = ORIENTED_EDGE ( 'NONE', *, *, #1994, .T. ) ;
#159 = CARTESIAN_POINT ( 'NONE',  ( -0.4250000000000003220, 1.399999999999999911, -1.100000000000000311 ) ) ;
#160 = VERTEX_POINT ( 'NONE', #217 ) ;
#161 = EDGE_CURVE ( 'NONE', #288, #929, #1189, .T. ) ;
#162 = AXIS2_PLACEMENT_3D ( 'NONE', #751, #2705, #40 ) ;
#163 = CYLINDRICAL_SURFACE ( 'NONE', #1895, 0.2749999999999692690 ) ;
#164 = LINE ( 'NONE', #2156, #1753 ) ;
#165 = EDGE_CURVE ( 'NONE', #2501, #1613, #2823, .T. ) ;
#166 = DIRECTION ( 'NONE',  ( -0.000000000000000000, -0.000000000000000000, -1.000000000000000000 ) ) ;
#167 = ADVANCED_FACE ( 'NONE', ( #479 ), #1456, .F. ) ;
#168 = DIRECTION ( 'NONE',  ( -0.000000000000000000, -0.000000000000000000, -1.000000000000000000 ) ) ;
#169 = CYLINDRICAL_SURFACE ( 'NONE', #3048, 0.09999999999999993616 ) ;
#170 = CIRCLE ( 'NONE', #730, 0.1499999999999998557 ) ;
#171 = LINE ( 'NONE', #1081, #2744 ) ;
#172 = VERTEX_POINT ( 'NONE', #1690 ) ;
#173 = EDGE_CURVE ( 'NONE', #942, #445, #2119, .T. ) ;
#174 = CARTESIAN_POINT ( 'NONE',  ( -1.304706667107066842, 0.000000000000000000, 0.1750000000000001277 ) ) ;
#175 = ORIENTED_EDGE ( 'NONE', *, *, #2923, .F. ) ;
#176 = DIRECTION ( 'NONE',  ( 0.9396926207859085389, 0.3420201433256686019, -0.000000000000000000 ) ) ;
#177 =( NAMED_UNIT ( * ) PLANE_ANGLE_UNIT ( ) SI_UNIT ( $, .RADIAN. ) );
#178 = DIRECTION ( 'NONE',  ( 0.000000000000000000, 0.000000000000000000, 1.000000000000000000 ) ) ;
#179 = PLANE ( 'NONE',  #393 ) ;
#180 = DIRECTION ( 'NONE',  ( -0.000000000000000000, -0.000000000000000000, -1.000000000000000000 ) ) ;
#181 = VECTOR ( 'NONE', #1425, 1000.000000000000000 ) ;
#182 = ORIENTED_EDGE ( 'NONE', *, *, #2773, .F. ) ;
#183 = AXIS2_PLACEMENT_3D ( 'NONE', #634, #3025, #1066 ) ;
#184 = VECTOR ( 'NONE', #2920, 1000.000000000000227 ) ;
#185 = CARTESIAN_POINT ( 'NONE',  ( -0.7750000000000002442, 1.149999999999992140, 0.1750000000000001277 ) ) ;
#186 = DIRECTION ( 'NONE',  ( -0.2588190451025215166, -0.9659258262890680902, 0.000000000000000000 ) ) ;
#187 = CARTESIAN_POINT ( 'NONE',  ( -1.350000000000000089, 0.1690370196005573089, 0.7750000000000001332 ) ) ;
#188 = ORIENTED_EDGE ( 'NONE', *, *, #2684, .T. ) ;
#189 = CARTESIAN_POINT ( 'NONE',  ( 0.9215322991731923485, 0.8407979856674557828, -1.125000000000000000 ) ) ;
#190 = AXIS2_PLACEMENT_3D ( 'NONE', #2884, #1687, #1177 ) ;
#191 = DIRECTION ( 'NONE',  ( -0.000000000000000000, -0.000000000000000000, -1.000000000000000000 ) ) ;
#192 = DIRECTION ( 'NONE',  ( 0.2588190451025215166, 0.9659258262890680902, -0.000000000000000000 ) ) ;
#193 = VECTOR ( 'NONE', #2318, 1000.000000000000000 ) ;
#194 = CARTESIAN_POINT ( 'NONE',  ( -0.7793923945929824848, 0.4502718074298951989, 0.1750000000000001277 ) ) ;
#195 = LINE ( 'NONE', #2127, #2002 ) ;
#196 = EDGE_LOOP ( 'NONE', ( #2453, #1434, #2798, #1436 ) ) ;
#197 = CARTESIAN_POINT ( 'NONE',  ( 0.8275630370946016612, 0.9750000000000226263, -0.7749999999999999112 ) ) ;
#198 = VERTEX_POINT ( 'NONE', #1166 ) ;
#199 = ORIENTED_EDGE ( 'NONE', *, *, #2825, .F. ) ;
#200 = EDGE_CURVE ( 'NONE', #2160, #2473, #3075, .T. ) ;
#201 = CARTESIAN_POINT ( 'NONE',  ( -1.102563037094570930, 0.8750000000000226485, 0.1750000000000001277 ) ) ;
#202 = EDGE_CURVE ( 'NONE', #872, #26, #3053, .T. ) ;
#203 = EDGE_CURVE ( 'NONE', #2473, #736, #972, .T. ) ;
#204 = CARTESIAN_POINT ( 'NONE',  ( -0.8275630370946016612, 0.8750000000000226485, 1.125000000000000222 ) ) ;
#205 = EDGE_CURVE ( 'NONE', #1275, #1967, #378, .T. ) ;
#206 = CARTESIAN_POINT ( 'NONE',  ( 0.7749999999999999112, 0.9750000000000231815, -1.125000000000000000 ) ) ;
#207 = LINE ( 'NONE', #1664, #2340 ) ;
#208 = DIRECTION ( 'NONE',  ( 0.000000000000000000, 0.000000000000000000, 1.000000000000000000 ) ) ;
#209 = CARTESIAN_POINT ( 'NONE',  ( -0.8275630370946016612, 0.8750000000000226485, -0.7749999999999999112 ) ) ;
#210 = ADVANCED_FACE ( 'NONE', ( #2145 ), #2610, .F. ) ;
#211 = ORIENTED_EDGE ( 'NONE', *, *, #114, .T. ) ;
#212 = AXIS2_PLACEMENT_3D ( 'NONE', #2965, #2198, #541 ) ;
#213 = CARTESIAN_POINT ( 'NONE',  ( -0.8275630370946016612, 0.8750000000000226485, -0.1749999999999999056 ) ) ;
#214 = VERTEX_POINT ( 'NONE', #2387 ) ;
#215 = DIRECTION ( 'NONE',  ( -0.1294283079955606819, 0.9831056027603608527, -0.1294283079955606819 ) ) ;
#216 = CIRCLE ( 'NONE', #1088, 0.1000000000000000472 ) ;
#217 = CARTESIAN_POINT ( 'NONE',  ( -0.4250000000000003220, 1.449999999999999956, -1.250000000000000222 ) ) ;
#218 = CARTESIAN_POINT ( 'NONE',  ( 0.9666326279058929938, 0.09058666578588239759, -0.7749999999999999112 ) ) ;
#220 = VERTEX_POINT ( 'NONE', #201 ) ;
#219 = ORIENTED_EDGE ( 'NONE', *, *, #1118, .F. ) ;
#221 = CARTESIAN_POINT ( 'NONE',  ( 1.085978507810697158, 0.7809444605854741761, 1.125000000000000222 ) ) ;
#222 = FACE_OUTER_BOUND ( 'NONE', #2800, .T. ) ;
#223 = LINE ( 'NONE', #1930, #1394 ) ;
#224 = DIRECTION ( 'NONE',  ( 0.000000000000000000, 0.000000000000000000, -1.000000000000000000 ) ) ;
#225 = EDGE_LOOP ( 'NONE', ( #1582, #2268 ) ) ;
#226 = EDGE_LOOP ( 'NONE', ( #1277, #1552, #1347, #2998 ) ) ;
#227 = PLANE ( 'NONE',  #2990 ) ;
#228 = ORIENTED_EDGE ( 'NONE', *, *, #1846, .T. ) ;
#229 = AXIS2_PLACEMENT_3D ( 'NONE', #2819, #2599, #3046 ) ;
#230 = DIRECTION ( 'NONE',  ( -0.000000000000000000, -0.000000000000000000, -1.000000000000000000 ) ) ;
#231 = AXIS2_PLACEMENT_3D ( 'NONE', #992, #1511, #242 ) ;
#232 = VECTOR ( 'NONE', #2710, 1000.000000000000000 ) ;
#233 = VECTOR ( 'NONE', #1675, 1000.000000000000000 ) ;
#234 = VECTOR ( 'NONE', #2001, 1000.000000000000000 ) ;
#235 = AXIS2_PLACEMENT_3D ( 'NONE', #2110, #687, #703 ) ;
#236 = PLANE ( 'NONE',  #212 ) ;
#237 = EDGE_CURVE ( 'NONE', #3051, #2120, #1908, .T. ) ;
#238 = EDGE_CURVE ( 'NONE', #1508, #870, #2885, .T. ) ;
#239 = ORIENTED_EDGE ( 'NONE', *, *, #1622, .T. ) ;
#240 = CARTESIAN_POINT ( 'NONE',  ( -1.350000000000000089, 0.1690370196005573089, -0.7749999999999999112 ) ) ;
#241 = ORIENTED_EDGE ( 'NONE', *, *, #1887, .T. ) ;
#242 = DIRECTION ( 'NONE',  ( -1.000000000000000000, 0.000000000000000000, 0.000000000000000000 ) ) ;
#243 = FACE_OUTER_BOUND ( 'NONE', #1847, .T. ) ;
#244 = CARTESIAN_POINT ( 'NONE',  ( -0.9438386032304876272, 0.3904182823479135922, -0.7749999999999999112 ) ) ;
#245 = CARTESIAN_POINT ( 'NONE',  ( 0.7749999999999999112, 1.149999999999992584, 0.7750000000000001332 ) ) ;
#246 = VECTOR ( 'NONE', #3000, 1000.000000000000000 ) ;
#247 = ADVANCED_FACE ( 'NONE', ( #1892 ), #2854, .F. ) ;
#248 = ORIENTED_EDGE ( 'NONE', *, *, #173, .T. ) ;
#249 = DIRECTION ( 'NONE',  ( 0.9659258262890682012, 0.2588190451025212391, 0.000000000000000000 ) ) ;
#250 = ORIENTED_EDGE ( 'NONE', *, *, #1194, .T. ) ;
#251 = CARTESIAN_POINT ( 'NONE',  ( 1.350000000000000089, 0.1690370196005579195, -0.7749999999999999112 ) ) ;
#252 = DIRECTION ( 'NONE',  ( 0.000000000000000000, 0.000000000000000000, 1.000000000000000000 ) ) ;
#253 = EDGE_LOOP ( 'NONE', ( #1863, #241, #2369, #490 ) ) ;
#254 = CARTESIAN_POINT ( 'NONE',  ( -0.8275630370946016612, 1.149999999999992140, -0.1749999999999999056 ) ) ;
#255 = VERTEX_POINT ( 'NONE', #2869 ) ;
#256 = EDGE_CURVE ( 'NONE', #1967, #198, #1658, .T. ) ;
#257 = DIRECTION ( 'NONE',  ( -1.000000000000000000, 8.250681333608500589E-15, -0.000000000000000000 ) ) ;
#258 = SURFACE_SIDE_STYLE ('',( #1900 ) ) ;
#259 = DIRECTION ( 'NONE',  ( 0.000000000000000000, 0.000000000000000000, 1.000000000000000000 ) ) ;
#260 = PRESENTATION_STYLE_ASSIGNMENT (( #1980 ) ) ;
#261 = ADVANCED_FACE ( 'NONE', ( #2637 ), #236, .F. ) ;
#262 = EDGE_LOOP ( 'NONE', ( #2169, #584 ) ) ;
#263 = DIRECTION ( 'NONE',  ( -0.000000000000000000, -0.000000000000000000, -1.000000000000000000 ) ) ;
#264 = ORIENTED_EDGE ( 'NONE', *, *, #2541, .F. ) ;
#265 = PRESENTATION_LAYER_ASSIGNMENT (  '', '', ( #2982 ) ) ;
#266 = CARTESIAN_POINT ( 'NONE',  ( -0.8275630370946016612, 0.8750000000000226485, 1.125000000000000222 ) ) ;
#267 = DIRECTION ( 'NONE',  ( -0.000000000000000000, -0.000000000000000000, -1.000000000000000000 ) ) ;
#268 = DIRECTION ( 'NONE',  ( -0.000000000000000000, -0.000000000000000000, -1.000000000000000000 ) ) ;
#269 = EDGE_CURVE ( 'NONE', #6, #786, #1981, .T. ) ;
#270 = VECTOR ( 'NONE', #1468, 1000.000000000000000 ) ;
#271 = VERTEX_POINT ( 'NONE', #35 ) ;
#272 = CARTESIAN_POINT ( 'NONE',  ( -1.350000000000000089, 0.1690370196005573089, -0.7749999999999999112 ) ) ;
#273 = EDGE_LOOP ( 'NONE', ( #1132, #2631, #638, #11 ) ) ;
#274 = DIRECTION ( 'NONE',  ( 0.9914448613738108262, 0.1305261922200485480, -0.000000000000000000 ) ) ;
#275 = DIRECTION ( 'NONE',  ( -0.9659258262890680902, -0.2588190451025215721, 0.000000000000000000 ) ) ;
#276 = DIRECTION ( 'NONE',  ( -0.000000000000000000, -0.000000000000000000, -1.000000000000000000 ) ) ;
#277 = FILL_AREA_STYLE ('',( #1931 ) ) ;
#278 = ORIENTED_EDGE ( 'NONE', *, *, #1191, .T. ) ;
#279 = DIRECTION ( 'NONE',  ( -0.000000000000000000, -0.000000000000000000, -1.000000000000000000 ) ) ;
#280 = CARTESIAN_POINT ( 'NONE',  ( 0.8275630370946016612, 0.8750000000000226485, -1.125000000000000000 ) ) ;
#281 = ORIENTED_EDGE ( 'NONE', *, *, #355, .T. ) ;
#282 =( GEOMETRIC_REPRESENTATION_CONTEXT ( 3 ) GLOBAL_UNCERTAINTY_ASSIGNED_CONTEXT ( ( #2185 ) ) GLOBAL_UNIT_ASSIGNED_CONTEXT ( ( #2439, #2034, #2674 ) ) REPRESENTATION_CONTEXT ( 'NONE', 'WORKASPACE' ) );
#283 = CARTESIAN_POINT ( 'NONE',  ( 1.011925960798826463, 0.2596236853864398175, 1.125000000000000222 ) ) ;
#284 = FACE_OUTER_BOUND ( 'NONE', #1677, .T. ) ;
#285 = VECTOR ( 'NONE', #607, 1000.000000000000000 ) ;
#286 = VECTOR ( 'NONE', #551, 1000.000000000000000 ) ;
#287 = DIRECTION ( 'NONE',  ( -0.000000000000000000, -0.000000000000000000, -1.000000000000000000 ) ) ;
#288 = VERTEX_POINT ( 'NONE', #1972 ) ;
#289 = AXIS2_PLACEMENT_3D ( 'NONE', #1728, #2190, #995 ) ;
#290 = PRESENTATION_LAYER_ASSIGNMENT (  '', '', ( #946 ) ) ;
#291 = CIRCLE ( 'NONE', #130, 0.1000000000000000472 ) ;
#292 = ORIENTED_EDGE ( 'NONE', *, *, #269, .T. ) ;
#293 = CARTESIAN_POINT ( 'NONE',  ( -1.037807865309078537, 0.3562162680153466709, 1.125000000000000222 ) ) ;
#294 = ORIENTED_EDGE ( 'NONE', *, *, #2577, .F. ) ;
#295 = CARTESIAN_POINT ( 'NONE',  ( 0.8275630370946016612, 1.149999999999991918, -0.7749999999999999112 ) ) ;
#296 = CARTESIAN_POINT ( 'NONE',  ( 0.9666326279058929938, 0.09058666578588239759, 1.125000000000000222 ) ) ;
#297 = DIRECTION ( 'NONE',  ( 0.000000000000000000, 0.000000000000000000, 1.000000000000000000 ) ) ;
#298 = SURFACE_STYLE_USAGE ( .BOTH. , #2465 ) ;
#299 = VERTEX_POINT ( 'NONE', #2948 ) ;
#300 = DIRECTION ( 'NONE',  ( -1.000000000000000000, 0.000000000000000000, 0.000000000000000000 ) ) ;
#301 = CARTESIAN_POINT ( 'NONE',  ( -0.4250000000000003220, 1.449999999999999956, -1.100000000000000311 ) ) ;
#302 = ORIENTED_EDGE ( 'NONE', *, *, #2258, .T. ) ;
#303 = CIRCLE ( 'NONE', #2967, 0.2749999999999692690 ) ;
#304 = DIRECTION ( 'NONE',  ( -0.9396926207859082059, -0.3420201433256693235, 0.000000000000000000 ) ) ;
#305 = VECTOR ( 'NONE', #1533, 1000.000000000000000 ) ;
#306 = LINE ( 'NONE', #2251, #493 ) ;
#307 = ORIENTED_EDGE ( 'NONE', *, *, #771, .T. ) ;
#308 = EDGE_CURVE ( 'NONE', #1537, #1426, #2805, .T. ) ;
#309 = EDGE_CURVE ( 'NONE', #2193, #624, #819, .T. ) ;
#310 = ADVANCED_FACE ( 'NONE', ( #52 ), #84, .T. ) ;
#311 = ORIENTED_EDGE ( 'NONE', *, *, #2595, .F. ) ;
#312 = DIRECTION ( 'NONE',  ( 0.000000000000000000, 0.000000000000000000, 1.000000000000000000 ) ) ;
#313 = EDGE_CURVE ( 'NONE', #2578, #220, #1850, .T. ) ;
#314 = ORIENTED_EDGE ( 'NONE', *, *, #966, .T. ) ;
#315 = LINE ( 'NONE', #1764, #906 ) ;
#316 = FACE_OUTER_BOUND ( 'NONE', #342, .T. ) ;
#317 = DIRECTION ( 'NONE',  ( 1.000000000000000000, 0.000000000000000000, -0.000000000000000000 ) ) ;
#318 = CARTESIAN_POINT ( 'NONE',  ( 1.037807865309078537, 0.3562162680153466709, -0.7749999999999999112 ) ) ;
#319 = ORIENTED_EDGE ( 'NONE', *, *, #1110, .T. ) ;
#320 = EDGE_CURVE ( 'NONE', #2666, #799, #2014, .T. ) ;
#321 = LINE ( 'NONE', #1782, #2182 ) ;
#322 = DIRECTION ( 'NONE',  ( 0.000000000000000000, 0.000000000000000000, 1.000000000000000000 ) ) ;
#323 = AXIS2_PLACEMENT_3D ( 'NONE', #518, #338, #96 ) ;
#324 = DIRECTION ( 'NONE',  ( -1.000000000000000000, 8.250681333608500589E-15, -0.000000000000000000 ) ) ;
#325 = AXIS2_PLACEMENT_3D ( 'NONE', #704, #2411, #2125 ) ;
#326 = DIRECTION ( 'NONE',  ( -0.000000000000000000, -0.000000000000000000, -1.000000000000000000 ) ) ;
#327 = ORIENTED_EDGE ( 'NONE', *, *, #1026, .F. ) ;
#328 = ORIENTED_EDGE ( 'NONE', *, *, #200, .F. ) ;
#329 = CARTESIAN_POINT ( 'NONE',  ( -0.4250000000000003220, 1.399999999999999911, -1.100000000000000311 ) ) ;
#330 = ORIENTED_EDGE ( 'NONE', *, *, #1866, .T. ) ;
#331 = VECTOR ( 'NONE', #2076, 1000.000000000000000 ) ;
#332 = SURFACE_SIDE_STYLE ('',( #2302 ) ) ;
#333 = VECTOR ( 'NONE', #2232, 1000.000000000000000 ) ;
#334 = DIRECTION ( 'NONE',  ( 1.000000000000000000, 0.000000000000000000, 0.000000000000000000 ) ) ;
#335 = CARTESIAN_POINT ( 'NONE',  ( 0.7793923945929824848, 0.4502718074298952544, -1.125000000000000000 ) ) ;
#336 = EDGE_CURVE ( 'NONE', #101, #95, #1723, .T. ) ;
#337 = ORIENTED_EDGE ( 'NONE', *, *, #205, .F. ) ;
#338 = DIRECTION ( 'NONE',  ( -0.000000000000000000, -0.000000000000000000, -1.000000000000000000 ) ) ;
#339 = DIRECTION ( 'NONE',  ( 0.000000000000000000, 1.000000000000000000, 0.000000000000000000 ) ) ;
#340 = CYLINDRICAL_SURFACE ( 'NONE', #3005, 0.1000000000000000472 ) ;
#341 = CYLINDRICAL_SURFACE ( 'NONE', #2772, 0.2749999999999694911 ) ;
#342 = EDGE_LOOP ( 'NONE', ( #1634, #2396, #627, #1955 ) ) ;
#343 = EDGE_LOOP ( 'NONE', ( #1861, #158, #1653, #1444 ) ) ;
#344 = AXIS2_PLACEMENT_3D ( 'NONE', #959, #1410, #1168 ) ;
#345 = VECTOR ( 'NONE', #2571, 1000.000000000000000 ) ;
#346 = PRESENTATION_LAYER_ASSIGNMENT (  '', '', ( #2849 ) ) ;
#347 = VECTOR ( 'NONE', #1586, 999.9999999999998863 ) ;
#348 = ORIENTED_EDGE ( 'NONE', *, *, #1789, .T. ) ;
#349 = ADVANCED_FACE ( 'NONE', ( #1518 ), #17, .F. ) ;
#350 = CARTESIAN_POINT ( 'NONE',  ( 0.9438386032304877382, 0.3904182823479135922, -0.7749999999999999112 ) ) ;
#351 = CARTESIAN_POINT ( 'NONE',  ( 0.8275630370946016612, 0.9750000000000226263, -1.125000000000000000 ) ) ;
#352 = ORIENTED_EDGE ( 'NONE', *, *, #1457, .T. ) ;
#353 = PLANE ( 'NONE',  #1625 ) ;
#354 = PLANE ( 'NONE',  #1802 ) ;
#355 = EDGE_CURVE ( 'NONE', #95, #441, #2472, .T. ) ;
#356 = CARTESIAN_POINT ( 'NONE',  ( -0.9438386032304876272, 0.3904182823479135922, -0.7749999999999999112 ) ) ;
#357 = CYLINDRICAL_SURFACE ( 'NONE', #2477, 0.1000000000000000472 ) ;
#359 = ORIENTED_EDGE ( 'NONE', *, *, #831, .F. ) ;
#358 = ORIENTED_EDGE ( 'NONE', *, *, #336, .F. ) ;
#360 = ORIENTED_EDGE ( 'NONE', *, *, #2983, .F. ) ;
#361 = DIRECTION ( 'NONE',  ( -0.000000000000000000, -0.000000000000000000, -1.000000000000000000 ) ) ;
#362 = EDGE_LOOP ( 'NONE', ( #470, #577, #2456, #2490 ) ) ;
#363 = CARTESIAN_POINT ( 'NONE',  ( -0.7750000000000002442, 0.9750000000000227374, -1.450000000000000400 ) ) ;
#364 = DIRECTION ( 'NONE',  ( 0.3420201433256686019, 0.9396926207859084279, -0.000000000000000000 ) ) ;
#365 = FACE_OUTER_BOUND ( 'NONE', #2382, .T. ) ;
#366 = ORIENTED_EDGE ( 'NONE', *, *, #887, .T. ) ;
#367 = DIRECTION ( 'NONE',  ( 0.000000000000000000, -0.000000000000000000, 1.000000000000000000 ) ) ;
#368 = LINE ( 'NONE', #1326, #89 ) ;
#369 = EDGE_CURVE ( 'NONE', #786, #2722, #2508, .T. ) ;
#370 = EDGE_CURVE ( 'NONE', #1441, #2642, #306, .T. ) ;
#371 = CARTESIAN_POINT ( 'NONE',  ( -1.037807865309078537, 0.3562162680153466709, 0.7750000000000001332 ) ) ;
#372 = LINE ( 'NONE', #1567, #705 ) ;
#374 = ORIENTED_EDGE ( 'NONE', *, *, #2329, .F. ) ;
#373 = ORIENTED_EDGE ( 'NONE', *, *, #78, .F. ) ;
#375 = ORIENTED_EDGE ( 'NONE', *, *, #1707, .F. ) ;
#376 = LINE ( 'NONE', #2300, #2223 ) ;
#377 = ORIENTED_EDGE ( 'NONE', *, *, #2118, .F. ) ;
#378 = CIRCLE ( 'NONE', #2133, 0.1000000000000000472 ) ;
#379 = CARTESIAN_POINT ( 'NONE',  ( -0.9438386032304876272, 0.3904182823479135922, -1.125000000000000000 ) ) ;
#380 = CARTESIAN_POINT ( 'NONE',  ( -0.4250000000000003220, 1.399999999999999911, -1.100000000000000311 ) ) ;
#381 = DIRECTION ( 'NONE',  ( 0.000000000000000000, 1.000000000000000000, 0.000000000000000000 ) ) ;
#382 = PLANE ( 'NONE',  #2558 ) ;
#383 = CARTESIAN_POINT ( 'NONE',  ( -1.350000000000000089, 0.1690370196005573089, 1.125000000000000222 ) ) ;
#384 = DIRECTION ( 'NONE',  ( 0.2588190451025215166, 0.9659258262890680902, -0.000000000000000000 ) ) ;
#386 = ORIENTED_EDGE ( 'NONE', *, *, #2277, .F. ) ;
#385 = ORIENTED_EDGE ( 'NONE', *, *, #1595, .T. ) ;
#387 = ORIENTED_EDGE ( 'NONE', *, *, #3034, .F. ) ;
#388 = CARTESIAN_POINT ( 'NONE',  ( -0.7793923945929824848, 0.4502718074298951989, 1.125000000000000222 ) ) ;
#389 = VERTEX_POINT ( 'NONE', #65 ) ;
#390 = CARTESIAN_POINT ( 'NONE',  ( -1.350000000000000089, 0.1690370196005573089, 1.125000000000000222 ) ) ;
#391 = CARTESIAN_POINT ( 'NONE',  ( -1.037807865309078537, 0.3562162680153466709, 0.1750000000000001277 ) ) ;
#392 = AXIS2_PLACEMENT_3D ( 'NONE', #1271, #263, #47 ) ;
#393 = AXIS2_PLACEMENT_3D ( 'NONE', #1219, #208, #2841 ) ;
#394 = VECTOR ( 'NONE', #1126, 1000.000000000000000 ) ;
#395 = AXIS2_PLACEMENT_3D ( 'NONE', #51, #1285, #1037 ) ;
#396 = AXIS2_PLACEMENT_3D ( 'NONE', #2423, #274, #1045 ) ;
#397 = CARTESIAN_POINT ( 'NONE',  ( -0.8275630370946016612, 0.9750000000000226263, 0.7750000000000001332 ) ) ;
#398 = CARTESIAN_POINT ( 'NONE',  ( -0.4250000000000003220, 1.399999999999999911, -1.250000000000000222 ) ) ;
#399 = CARTESIAN_POINT ( 'NONE',  ( -0.7750000000000002442, 1.149999999999992140, -0.1749999999999999056 ) ) ;
#400 = CARTESIAN_POINT ( 'NONE',  ( -1.304706667107066842, 0.000000000000000000, 0.1750000000000001277 ) ) ;
#402 = ORIENTED_EDGE ( 'NONE', *, *, #1559, .F. ) ;
#401 = EDGE_LOOP ( 'NONE', ( #1725, #387, #327, #2731 ) ) ;
#403 = CARTESIAN_POINT ( 'NONE',  ( -1.037807865309078537, 0.3562162680153466709, -0.1749999999999999056 ) ) ;
#404 = CIRCLE ( 'NONE', #647, 0.2749999999999694911 ) ;
#405 = EDGE_CURVE ( 'NONE', #1583, #2640, #2669, .T. ) ;
#406 = ORIENTED_EDGE ( 'NONE', *, *, #426, .T. ) ;
#407 = EDGE_CURVE ( 'NONE', #255, #820, #1550, .T. ) ;
#408 = CARTESIAN_POINT ( 'NONE',  ( -1.304706667107066842, 0.000000000000000000, 0.7750000000000001332 ) ) ;
#409 = DIRECTION ( 'NONE',  ( 1.000000000000000000, 2.062670333402142108E-15, 0.000000000000000000 ) ) ;
#410 = ADVANCED_BREP_SHAPE_REPRESENTATION ( 'ME6211C33M5G', ( #2890, #827, #2794, #2827, #758, #1857, #2811, #2003 ), #855 ) ;
#411 = DIRECTION ( 'NONE',  ( -1.000000000000000000, 0.000000000000000000, 0.000000000000000000 ) ) ;
#412 = CARTESIAN_POINT ( 'NONE',  ( -0.7231833137942458301, 1.543586807355149304, -1.398183313794245874 ) ) ;
#413 = EDGE_CURVE ( 'NONE', #941, #2703, #2235, .T. ) ;
#414 = FACE_OUTER_BOUND ( 'NONE', #3093, .T. ) ;
#415 = ORIENTED_EDGE ( 'NONE', *, *, #1797, .T. ) ;
#416 = LINE ( 'NONE', #1366, #1820 ) ;
#417 = PRODUCT_RELATED_PRODUCT_CATEGORY ( 'part', '', ( #2612 ) ) ;
#418 = ORIENTED_EDGE ( 'NONE', *, *, #838, .F. ) ;
#419 = CIRCLE ( 'NONE', #466, 0.2749999999999694911 ) ;
#420 = DIRECTION ( 'NONE',  ( -0.3420201433256686019, 0.9396926207859085389, 0.000000000000000000 ) ) ;
#421 = DIRECTION ( 'NONE',  ( -0.2588190451025200733, -0.9659258262890685343, 0.000000000000000000 ) ) ;
#422 = CARTESIAN_POINT ( 'NONE',  ( -1.350000000000000089, 0.1690370196005573089, 0.1750000000000001277 ) ) ;
#423 = CARTESIAN_POINT ( 'NONE',  ( 0.7749999999999999112, 0.9750000000000231815, -0.7749999999999999112 ) ) ;
#424 = FACE_OUTER_BOUND ( 'NONE', #1099, .T. ) ;
#425 = ORIENTED_EDGE ( 'NONE', *, *, #838, .T. ) ;
#426 = EDGE_CURVE ( 'NONE', #2542, #568, #1259, .T. ) ;
#427 = CIRCLE ( 'NONE', #581, 0.2749999999999692690 ) ;
#428 = CARTESIAN_POINT ( 'NONE',  ( -0.8275630370946016612, 0.8750000000000226485, -0.7749999999999999112 ) ) ;
#429 = FACE_OUTER_BOUND ( 'NONE', #2285, .T. ) ;
#430 = CARTESIAN_POINT ( 'NONE',  ( -1.350000000000000089, 0.1690370196005573089, 0.1750000000000001277 ) ) ;
#431 = ORIENTED_EDGE ( 'NONE', *, *, #269, .F. ) ;
#432 = PLANE ( 'NONE',  #2953 ) ;
#433 = PRESENTATION_LAYER_ASSIGNMENT (  '', '', ( #2601 ) ) ;
#434 = DIRECTION ( 'NONE',  ( 0.000000000000000000, 0.000000000000000000, 1.000000000000000000 ) ) ;
#435 = CARTESIAN_POINT ( 'NONE',  ( -0.7750000000000002442, -3.288236609491476337, -1.450000000000000400 ) ) ;
#436 = CIRCLE ( 'NONE', #2203, 0.09999999999999993616 ) ;
#437 = CARTESIAN_POINT ( 'NONE',  ( -0.8275630370946016612, 0.9750000000000226263, 1.125000000000000222 ) ) ;
#438 = CARTESIAN_POINT ( 'NONE',  ( -1.085978507810697380, 0.7809444605854740651, 0.7750000000000001332 ) ) ;
#439 = VECTOR ( 'NONE', #94, 1000.000000000000000 ) ;
#440 = CIRCLE ( 'NONE', #950, 0.1000000000000000472 ) ;
#441 = VERTEX_POINT ( 'NONE', #782 ) ;
#442 = AXIS2_PLACEMENT_3D ( 'NONE', #1013, #2441, #2958 ) ;
#443 = EDGE_CURVE ( 'NONE', #624, #1993, #1738, .T. ) ;
#444 = CARTESIAN_POINT ( 'NONE',  ( 0.6663866894903979210, 0.1499999999999999944, 1.449999999999999512 ) ) ;
#445 = VERTEX_POINT ( 'NONE', #2702 ) ;
#446 = ORIENTED_EDGE ( 'NONE', *, *, #308, .F. ) ;
#447 = EDGE_CURVE ( 'NONE', #2895, #1374, #764, .T. ) ;
#448 = CARTESIAN_POINT ( 'NONE',  ( -0.8275630370946016612, 0.8750000000000226485, 1.125000000000000222 ) ) ;
#449 = EDGE_CURVE ( 'NONE', #3017, #2907, #1329, .T. ) ;
#450 = FACE_OUTER_BOUND ( 'NONE', #1001, .T. ) ;
#451 = CIRCLE ( 'NONE', #190, 0.2749999999999694911 ) ;
#452 = CARTESIAN_POINT ( 'NONE',  ( 0.7793923945929824848, 0.4502718074298952544, -0.7749999999999999112 ) ) ;
#453 = DIRECTION ( 'NONE',  ( -1.000000000000000000, 0.000000000000000000, 0.000000000000000000 ) ) ;
#454 = AXIS2_PLACEMENT_3D ( 'NONE', #596, #361, #2048 ) ;
#455 = CARTESIAN_POINT ( 'NONE',  ( 0.8275630370946016612, 0.8750000000000226485, 1.125000000000000222 ) ) ;
#456 = FACE_OUTER_BOUND ( 'NONE', #1332, .T. ) ;
#457 = EDGE_LOOP ( 'NONE', ( #2241, #1035, #939, #1316 ) ) ;
#458 = DIRECTION ( 'NONE',  ( 0.000000000000000000, 0.000000000000000000, 1.000000000000000000 ) ) ;
#459 = VERTEX_POINT ( 'NONE', #1082 ) ;
#460 = EDGE_CURVE ( 'NONE', #2959, #2068, #1097, .T. ) ;
#461 = EDGE_LOOP ( 'NONE', ( #1808, #146, #20, #682 ) ) ;
#462 = DIRECTION ( 'NONE',  ( -1.000000000000000000, 0.000000000000000000, 0.000000000000000000 ) ) ;
#463 = CARTESIAN_POINT ( 'NONE',  ( -1.304706667107066842, 0.000000000000000000, 0.7750000000000001332 ) ) ;
#464 = VERTEX_POINT ( 'NONE', #2296 ) ;
#465 = CARTESIAN_POINT ( 'NONE',  ( -0.7793923945929824848, 0.4502718074298952544, 0.1750000000000001277 ) ) ;
#466 = AXIS2_PLACEMENT_3D ( 'NONE', #1298, #1733, #46 ) ;
#467 =( NAMED_UNIT ( * ) PLANE_ANGLE_UNIT ( ) SI_UNIT ( $, .RADIAN. ) );
#468 = CARTESIAN_POINT ( 'NONE',  ( 1.304706667107066842, 5.853375736277808971E-16, -0.7749999999999999112 ) ) ;
#469 = CARTESIAN_POINT ( 'NONE',  ( -0.8275630370946016612, 1.149999999999992140, 0.1750000000000001277 ) ) ;
#470 = ORIENTED_EDGE ( 'NONE', *, *, #2675, .T. ) ;
#471 = AXIS2_PLACEMENT_3D ( 'NONE', #1626, #1875, #2653 ) ;
#472 = VERTEX_POINT ( 'NONE', #2063 ) ;
#473 = CARTESIAN_POINT ( 'NONE',  ( -0.9666326279058929938, 0.09058666578588239759, 1.125000000000000222 ) ) ;
#474 = ORIENTED_EDGE ( 'NONE', *, *, #165, .T. ) ;
#475 = ORIENTED_EDGE ( 'NONE', *, *, #660, .T. ) ;
#476 = EDGE_CURVE ( 'NONE', #2913, #786, #1807, .T. ) ;
#477 = CIRCLE ( 'NONE', #1240, 0.1000000000000000472 ) ;
#478 = ADVANCED_FACE ( 'NONE', ( #1785 ), #341, .T. ) ;
#479 = FACE_OUTER_BOUND ( 'NONE', #2935, .T. ) ;
#480 = ORIENTED_EDGE ( 'NONE', *, *, #2123, .T. ) ;
#481 = DIRECTION ( 'NONE',  ( -0.000000000000000000, -0.000000000000000000, -1.000000000000000000 ) ) ;
#483 = EDGE_LOOP ( 'NONE', ( #534, #594, #714, #968, #955, #2343, #2130, #1160, #3108, #1092, #961, #3040, #425, #1538 ) ) ;
#482 = ORIENTED_EDGE ( 'NONE', *, *, #2545, .T. ) ;
#484 = LINE ( 'NONE', #1645, #1058 ) ;
#485 = CARTESIAN_POINT ( 'NONE',  ( -0.7750000000000002442, 1.149999999999992140, -0.7749999999999999112 ) ) ;
#486 = DIRECTION ( 'NONE',  ( 0.9659258262890685343, -0.2588190451025196293, -0.000000000000000000 ) ) ;
#487 = CARTESIAN_POINT ( 'NONE',  ( -0.8275630370946016612, 0.9750000000000226263, 0.1750000000000001277 ) ) ;
#488 = ORIENTED_EDGE ( 'NONE', *, *, #877, .T. ) ;
#489 = DIRECTION ( 'NONE',  ( 1.000000000000000000, 0.000000000000000000, 0.000000000000000000 ) ) ;
#490 = ORIENTED_EDGE ( 'NONE', *, *, #2713, .T. ) ;
#491 = CIRCLE ( 'NONE', #746, 0.2749999999999692690 ) ;
#492 = PLANE ( 'NONE',  #2862 ) ;
#493 = VECTOR ( 'NONE', #2686, 1000.000000000000000 ) ;
#494 = CARTESIAN_POINT ( 'NONE',  ( -0.8275630370946016612, 0.8750000000000226485, 1.125000000000000222 ) ) ;
#495 = EDGE_CURVE ( 'NONE', #2952, #6, #372, .T. ) ;
#496 = ORIENTED_EDGE ( 'NONE', *, *, #2406, .F. ) ;
#497 = CARTESIAN_POINT ( 'NONE',  ( -0.8275630370946016612, 0.8750000000000226485, 0.1750000000000001277 ) ) ;
#498 = ORIENTED_EDGE ( 'NONE', *, *, #1075, .F. ) ;
#499 = EDGE_CURVE ( 'NONE', #1571, #3014, #1303, .T. ) ;
#500 = CARTESIAN_POINT ( 'NONE',  ( -0.8275630370946016612, 0.8750000000000226485, -0.1749999999999999056 ) ) ;
#501 = LINE ( 'NONE', #754, #2240 ) ;
#502 = FACE_OUTER_BOUND ( 'NONE', #2320, .T. ) ;
#503 = DIRECTION ( 'NONE',  ( 0.000000000000000000, 1.000000000000000000, 0.000000000000000000 ) ) ;
#504 = ORIENTED_EDGE ( 'NONE', *, *, #576, .F. ) ;
#505 = CARTESIAN_POINT ( 'NONE',  ( 0.7749999999999996891, 1.149999999999992140, -1.450000000000000400 ) ) ;
#506 = EDGE_LOOP ( 'NONE', ( #2781, #2874, #517, #2420 ) ) ;
#507 = DIRECTION ( 'NONE',  ( -1.000000000000000000, 0.000000000000000000, 0.000000000000000000 ) ) ;
#508 = EDGE_CURVE ( 'NONE', #2666, #1441, #1069, .T. ) ;
#509 = CARTESIAN_POINT ( 'NONE',  ( 0.7793923945929824848, 0.4502718074298952544, 1.125000000000000222 ) ) ;
#510 = DIRECTION ( 'NONE',  ( 1.000000000000000000, 2.062670333402142108E-15, 0.000000000000000000 ) ) ;
#511 = ORIENTED_EDGE ( 'NONE', *, *, #2541, .T. ) ;
#512 = SURFACE_SIDE_STYLE ('',( #548 ) ) ;
#513 = ORIENTED_EDGE ( 'NONE', *, *, #879, .F. ) ;
#514 = DIRECTION ( 'NONE',  ( -0.000000000000000000, -0.000000000000000000, -1.000000000000000000 ) ) ;
#515 = DIRECTION ( 'NONE',  ( -0.000000000000000000, -0.000000000000000000, -1.000000000000000000 ) ) ;
#516 = CARTESIAN_POINT ( 'NONE',  ( -1.085978507810697158, 0.7809444605854741761, 0.7750000000000001332 ) ) ;
#517 = ORIENTED_EDGE ( 'NONE', *, *, #2971, .F. ) ;
#518 = CARTESIAN_POINT ( 'NONE',  ( 1.037807865309078537, 0.3562162680153466709, -0.7749999999999999112 ) ) ;
#519 = CARTESIAN_POINT ( 'NONE',  ( -1.011925960798826463, 0.2596236853864398175, -0.1749999999999999056 ) ) ;
#520 = ORIENTED_EDGE ( 'NONE', *, *, #1866, .F. ) ;
#521 = DIRECTION ( 'NONE',  ( 1.000000000000000000, 0.000000000000000000, -0.000000000000000000 ) ) ;
#522 = CIRCLE ( 'NONE', #67, 0.2749999999999692690 ) ;
#523 = LINE ( 'NONE', #2026, #545 ) ;
#524 = CARTESIAN_POINT ( 'NONE',  ( -0.9438386032304876272, 0.3904182823479135922, 0.1750000000000001277 ) ) ;
#525 = VERTEX_POINT ( 'NONE', #2280 ) ;
#526 = VERTEX_POINT ( 'NONE', #99 ) ;
#527 = CARTESIAN_POINT ( 'NONE',  ( -0.7118759251295951884, 1.629474951308854003, 1.386875925129594123 ) ) ;
#528 = LINE ( 'NONE', #2502, #1389 ) ;
#529 = DIRECTION ( 'NONE',  ( -0.000000000000000000, -0.000000000000000000, -1.000000000000000000 ) ) ;
#530 = DIRECTION ( 'NONE',  ( -1.000000000000000000, 8.250681333608500589E-15, -0.000000000000000000 ) ) ;
#531 = ORIENTED_EDGE ( 'NONE', *, *, #2277, .T. ) ;
#532 = LINE ( 'NONE', #2929, #1672 ) ;
#533 = FACE_OUTER_BOUND ( 'NONE', #2994, .T. ) ;
#534 = ORIENTED_EDGE ( 'NONE', *, *, #3085, .T. ) ;
#535 = ADVANCED_FACE ( 'NONE', ( #835 ), #357, .F. ) ;
#536 = LINE ( 'NONE', #30, #2370 ) ;
#537 = ADVANCED_FACE ( 'NONE', ( #589 ), #1572, .F. ) ;
#538 = ADVANCED_FACE ( 'NONE', ( #1837 ), #1135, .T. ) ;
#539 = AXIS2_PLACEMENT_3D ( 'NONE', #1183, #2113, #948 ) ;
#540 = ADVANCED_FACE ( 'NONE', ( #2799 ), #1353, .F. ) ;
#541 = DIRECTION ( 'NONE',  ( -0.2588190451025215166, -0.9659258262890680902, 0.000000000000000000 ) ) ;
#542 = ORIENTED_EDGE ( 'NONE', *, *, #2258, .F. ) ;
#543 = CIRCLE ( 'NONE', #2806, 0.1499999999999998557 ) ;
#544 = AXIS2_PLACEMENT_3D ( 'NONE', #2754, #1090, #3001 ) ;
#545 = VECTOR ( 'NONE', #1004, 1000.000000000000000 ) ;
#546 = CIRCLE ( 'NONE', #1505, 0.2749999999999694911 ) ;
#547 = VERTEX_POINT ( 'NONE', #891 ) ;
#548 = SURFACE_STYLE_FILL_AREA ( #563 ) ;
#549 = EDGE_CURVE ( 'NONE', #2640, #792, #1612, .T. ) ;
#550 = ADVANCED_FACE ( 'NONE', ( #1602 ), #642, .F. ) ;
#551 = DIRECTION ( 'NONE',  ( 0.000000000000000000, 0.000000000000000000, -1.000000000000000000 ) ) ;
#552 = CARTESIAN_POINT ( 'NONE',  ( 1.085978507810697158, 0.7809444605854741761, 1.125000000000000222 ) ) ;
#553 = CARTESIAN_POINT ( 'NONE',  ( 1.011925960798826463, 0.2596236853864398175, -1.125000000000000000 ) ) ;
#554 = DIRECTION ( 'NONE',  ( 0.000000000000000000, 0.000000000000000000, 1.000000000000000000 ) ) ;
#555 = ORIENTED_EDGE ( 'NONE', *, *, #1458, .F. ) ;
#556 = FACE_OUTER_BOUND ( 'NONE', #2399, .T. ) ;
#557 = DIRECTION ( 'NONE',  ( -0.000000000000000000, -0.000000000000000000, -1.000000000000000000 ) ) ;
#558 = VECTOR ( 'NONE', #1111, 1000.000000000000000 ) ;
#559 = SURFACE_STYLE_FILL_AREA ( #2976 ) ;
#560 = DIRECTION ( 'NONE',  ( -1.000000000000000000, 0.000000000000000000, 0.000000000000000000 ) ) ;
#561 = ORIENTED_EDGE ( 'NONE', *, *, #1009, .F. ) ;
#562 = ORIENTED_EDGE ( 'NONE', *, *, #2870, .F. ) ;
#563 = FILL_AREA_STYLE ('',( #2671 ) ) ;
#564 = ORIENTED_EDGE ( 'NONE', *, *, #771, .F. ) ;
#565 = DIRECTION ( 'NONE',  ( 0.000000000000000000, 0.000000000000000000, 1.000000000000000000 ) ) ;
#566 = CARTESIAN_POINT ( 'NONE',  ( -0.7750000000000002442, 1.149999999999992140, 0.1750000000000001277 ) ) ;
#567 = DIRECTION ( 'NONE',  ( -0.9659258262890685343, 0.2588190451025200178, -0.000000000000000000 ) ) ;
#568 = VERTEX_POINT ( 'NONE', #2812 ) ;
#569 = LINE ( 'NONE', #2960, #1139 ) ;
#570 = LINE ( 'NONE', #1935, #1301 ) ;
#571 =( NAMED_UNIT ( * ) PLANE_ANGLE_UNIT ( ) SI_UNIT ( $, .RADIAN. ) );
#572 = VECTOR ( 'NONE', #2424, 1000.000000000000000 ) ;
#573 = CARTESIAN_POINT ( 'NONE',  ( -0.8275630370946016612, 0.8750000000000226485, 0.1750000000000001277 ) ) ;
#574 = ORIENTED_EDGE ( 'NONE', *, *, #1789, .F. ) ;
#575 = EDGE_CURVE ( 'NONE', #1684, #1351, #1268, .T. ) ;
#576 = EDGE_CURVE ( 'NONE', #464, #2722, #1811, .T. ) ;
#577 = ORIENTED_EDGE ( 'NONE', *, *, #1984, .F. ) ;
#578 = DIRECTION ( 'NONE',  ( 0.000000000000000000, 0.000000000000000000, 1.000000000000000000 ) ) ;
#579 = VERTEX_POINT ( 'NONE', #388 ) ;
#580 = VECTOR ( 'NONE', #2487, 1000.000000000000000 ) ;
#581 = AXIS2_PLACEMENT_3D ( 'NONE', #213, #666, #1668 ) ;
#582 = CARTESIAN_POINT ( 'NONE',  ( 0.9438386032304877382, 0.3904182823479135922, -0.7749999999999999112 ) ) ;
#583 = EDGE_CURVE ( 'NONE', #4, #1150, #416, .T. ) ;
#584 = ORIENTED_EDGE ( 'NONE', *, *, #2778, .T. ) ;
#585 = CARTESIAN_POINT ( 'NONE',  ( -0.9275630370946015280, 0.8750000000000226485, -1.125000000000000000 ) ) ;
#586 = CARTESIAN_POINT ( 'NONE',  ( 0.9438386032304877382, 0.3904182823479135922, -1.125000000000000000 ) ) ;
#587 = CARTESIAN_POINT ( 'NONE',  ( -0.7750000000000002442, 0.9750000000000227374, -0.7749999999999999112 ) ) ;
#588 = VECTOR ( 'NONE', #2787, 1000.000000000000000 ) ;
#589 = FACE_OUTER_BOUND ( 'NONE', #2403, .T. ) ;
#591 = ORIENTED_EDGE ( 'NONE', *, *, #256, .F. ) ;
#590 = EDGE_LOOP ( 'NONE', ( #2016, #302, #1921, #2740 ) ) ;
#592 = EDGE_CURVE ( 'NONE', #2089, #1317, #1409, .T. ) ;
#593 = AXIS2_PLACEMENT_3D ( 'NONE', #769, #790, #57 ) ;
#594 = ORIENTED_EDGE ( 'NONE', *, *, #2170, .T. ) ;
#595 = AXIS2_PLACEMENT_3D ( 'NONE', #380, #2096, #2771 ) ;
#596 = CARTESIAN_POINT ( 'NONE',  ( -0.8275630370946016612, 0.8750000000000226485, 0.1750000000000001277 ) ) ;
#597 = VECTOR ( 'NONE', #2584, 1000.000000000000000 ) ;
#598 = MECHANICAL_DESIGN_GEOMETRIC_PRESENTATION_REPRESENTATION (  '', ( #2849 ), #2147 ) ;
#599 = VECTOR ( 'NONE', #2027, 1000.000000000000000 ) ;
#600 = ORIENTED_EDGE ( 'NONE', *, *, #780, .F. ) ;
#601 = CARTESIAN_POINT ( 'NONE',  ( -0.8275630370946016612, 0.9750000000000226263, -0.7749999999999999112 ) ) ;
#602 = ADVANCED_FACE ( 'NONE', ( #3041 ), #3015, .F. ) ;
#603 = DIRECTION ( 'NONE',  ( 0.000000000000000000, 0.1305261922200485480, -0.9914448613738108262 ) ) ;
#604 = EDGE_CURVE ( 'NONE', #694, #1024, #614, .T. ) ;
#605 = ORIENTED_EDGE ( 'NONE', *, *, #1655, .T. ) ;
#606 = DIRECTION ( 'NONE',  ( -0.000000000000000000, -0.000000000000000000, -1.000000000000000000 ) ) ;
#607 = DIRECTION ( 'NONE',  ( -0.000000000000000000, -1.000000000000000000, -0.000000000000000000 ) ) ;
#608 = CARTESIAN_POINT ( 'NONE',  ( -0.7750000000000002442, 1.149999999999992140, -1.450000000000000400 ) ) ;
#609 = AXIS2_PLACEMENT_3D ( 'NONE', #2917, #1937, #1020 ) ;
#610 = CARTESIAN_POINT ( 'NONE',  ( 0.7749999999999999112, 0.9750000000000231815, -1.125000000000000000 ) ) ;
#612 = EDGE_LOOP ( 'NONE', ( #127, #1403, #2315, #1176 ) ) ;
#611 = VERTEX_POINT ( 'NONE', #1791 ) ;
#613 = ORIENTED_EDGE ( 'NONE', *, *, #2176, .T. ) ;
#614 = LINE ( 'NONE', #2981, #1962 ) ;
#615 = EDGE_LOOP ( 'NONE', ( #1167, #1973, #2236, #2018 ) ) ;
#616 = CARTESIAN_POINT ( 'NONE',  ( -0.7793923945929824848, 0.4502718074298952544, 0.7750000000000001332 ) ) ;
#617 = ADVANCED_FACE ( 'NONE', ( #2750 ), #2067, .F. ) ;
#618 = CARTESIAN_POINT ( 'NONE',  ( -0.8275630370946016612, 0.9750000000000226263, 0.7750000000000001332 ) ) ;
#619 = FACE_OUTER_BOUND ( 'NONE', #2970, .T. ) ;
#620 = FACE_OUTER_BOUND ( 'NONE', #637, .T. ) ;
#621 = DIRECTION ( 'NONE',  ( 1.000000000000000000, 0.000000000000000000, 0.000000000000000000 ) ) ;
#622 = CARTESIAN_POINT ( 'NONE',  ( -1.350000000000000089, 0.1690370196005573089, -0.1749999999999999056 ) ) ;
#624 = VERTEX_POINT ( 'NONE', #1319 ) ;
#623 = VERTEX_POINT ( 'NONE', #2079 ) ;
#625 = EDGE_LOOP ( 'NONE', ( #1509, #759, #358, #330 ) ) ;
#626 = DIRECTION ( 'NONE',  ( -1.000000000000000000, 0.000000000000000000, 0.000000000000000000 ) ) ;
#627 = ORIENTED_EDGE ( 'NONE', *, *, #1854, .T. ) ;
#628 = VECTOR ( 'NONE', #1178, 1000.000000000000000 ) ;
#629 = CARTESIAN_POINT ( 'NONE',  ( 0.9378078653090784478, 0.3562162680153466709, 0.7750000000000001332 ) ) ;
#630 = CARTESIAN_POINT ( 'NONE',  ( 0.9378078653090784478, 0.3562162680153466709, 1.125000000000000222 ) ) ;
#631 = VECTOR ( 'NONE', #458, 1000.000000000000000 ) ;
#632 = CARTESIAN_POINT ( 'NONE',  ( 0.8275630370946016612, 0.8750000000000226485, -0.7749999999999999112 ) ) ;
#633 = CARTESIAN_POINT ( 'NONE',  ( 0.9666326279058929938, 0.09058666578588239759, 1.125000000000000222 ) ) ;
#634 = CARTESIAN_POINT ( 'NONE',  ( -0.7750000000000002442, 1.149999999999992140, 0.1750000000000001277 ) ) ;
#635 = PLANE ( 'NONE',  #18 ) ;
#636 = ADVANCED_FACE ( 'NONE', ( #1825 ), #116, .T. ) ;
#638 = ORIENTED_EDGE ( 'NONE', *, *, #447, .T. ) ;
#637 = EDGE_LOOP ( 'NONE', ( #2765, #39, #970, #1769 ) ) ;
#639 = EDGE_CURVE ( 'NONE', #2445, #445, #376, .T. ) ;
#640 = EDGE_CURVE ( 'NONE', #750, #2959, #1105, .T. ) ;
#641 = ADVANCED_FACE ( 'NONE', ( #222 ), #1412, .F. ) ;
#642 = PLANE ( 'NONE',  #871 ) ;
#643 = ORIENTED_EDGE ( 'NONE', *, *, #2577, .T. ) ;
#644 = CARTESIAN_POINT ( 'NONE',  ( -0.9666326279058929938, 0.09058666578588239759, 0.1750000000000001277 ) ) ;
#645 = VECTOR ( 'NONE', #815, 1000.000000000000000 ) ;
#646 = AXIS2_PLACEMENT_3D ( 'NONE', #573, #252, #2419 ) ;
#647 = AXIS2_PLACEMENT_3D ( 'NONE', #1562, #2074, #1079 ) ;
#648 = ADVANCED_FACE ( 'NONE', ( #2892 ), #2910, .F. ) ;
#649 = CIRCLE ( 'NONE', #2310, 0.09999999999999993616 ) ;
#650 = MECHANICAL_DESIGN_GEOMETRIC_PRESENTATION_REPRESENTATION (  '', ( #802 ), #2608 ) ;
#651 = AXIS2_PLACEMENT_3D ( 'NONE', #2644, #935, #1880 ) ;
#652 = CARTESIAN_POINT ( 'NONE',  ( 0.8275630370946016612, 0.9750000000000226263, 0.7750000000000001332 ) ) ;
#653 = PLANE ( 'NONE',  #138 ) ;
#654 = DIRECTION ( 'NONE',  ( 0.000000000000000000, -0.000000000000000000, -1.000000000000000000 ) ) ;
#655 = PLANE ( 'NONE',  #2488 ) ;
#656 = ORIENTED_EDGE ( 'NONE', *, *, #1328, .F. ) ;
#657 = DIRECTION ( 'NONE',  ( -0.000000000000000000, -0.000000000000000000, -1.000000000000000000 ) ) ;
#658 = VERTEX_POINT ( 'NONE', #1679 ) ;
#659 = FACE_OUTER_BOUND ( 'NONE', #262, .T. ) ;
#660 = EDGE_CURVE ( 'NONE', #472, #172, #1924, .T. ) ;
#661 = CARTESIAN_POINT ( 'NONE',  ( 0.7749999999999999112, 0.9750000000000231815, -0.7749999999999999112 ) ) ;
#662 = DIRECTION ( 'NONE',  ( -0.000000000000000000, -0.000000000000000000, -1.000000000000000000 ) ) ;
#663 = CARTESIAN_POINT ( 'NONE',  ( 0.6439161996420170730, -0.02068031568079213220, -1.318916199642017784 ) ) ;
#664 = DIRECTION ( 'NONE',  ( -1.000000000000000000, 0.000000000000000000, 0.000000000000000000 ) ) ;
#665 = ORIENTED_EDGE ( 'NONE', *, *, #2278, .F. ) ;
#666 = DIRECTION ( 'NONE',  ( 0.000000000000000000, 0.000000000000000000, 1.000000000000000000 ) ) ;
#667 = ORIENTED_EDGE ( 'NONE', *, *, #3010, .F. ) ;
#668 = DIRECTION ( 'NONE',  ( 0.000000000000000000, 1.000000000000000000, 0.000000000000000000 ) ) ;
#669 = VERTEX_POINT ( 'NONE', #689 ) ;
#670 = UNCERTAINTY_MEASURE_WITH_UNIT (LENGTH_MEASURE( 1.000000000000000082E-05 ), #2197, 'distance_accuracy_value', 'NONE');
#671 = VECTOR ( 'NONE', #384, 1000.000000000000227 ) ;
#672 = LINE ( 'NONE', #1662, #1601 ) ;
#673 = EDGE_CURVE ( 'NONE', #526, #1060, #2737, .T. ) ;
#674 = LINE ( 'NONE', #2349, #860 ) ;
#675 = CARTESIAN_POINT ( 'NONE',  ( 0.7118759251295945223, 1.629474951308854225, -1.386875925129595011 ) ) ;
#676 = EDGE_CURVE ( 'NONE', #1484, #1290, #207, .T. ) ;
#677 = CYLINDRICAL_SURFACE ( 'NONE', #2402, 0.2749999999999692690 ) ;
#678 = DIRECTION ( 'NONE',  ( 1.000000000000000000, 0.000000000000000000, 0.000000000000000000 ) ) ;
#679 = ORIENTED_EDGE ( 'NONE', *, *, #1622, .F. ) ;
#680 = VECTOR ( 'NONE', #761, 1000.000000000000227 ) ;
#681 = DIRECTION ( 'NONE',  ( 0.000000000000000000, 1.000000000000000000, 0.000000000000000000 ) ) ;
#682 = ORIENTED_EDGE ( 'NONE', *, *, #161, .F. ) ;
#683 = DIRECTION ( 'NONE',  ( -1.000000000000000000, 0.000000000000000000, 0.000000000000000000 ) ) ;
#684 = DIRECTION ( 'NONE',  ( -0.9659258262890680902, -0.2588190451025212391, 0.000000000000000000 ) ) ;
#685 = DIRECTION ( 'NONE',  ( -1.000000000000000000, 0.000000000000000000, 0.000000000000000000 ) ) ;
#686 = VECTOR ( 'NONE', #1765, 1000.000000000000000 ) ;
#687 = DIRECTION ( 'NONE',  ( -0.000000000000000000, -0.000000000000000000, -1.000000000000000000 ) ) ;
#688 = EDGE_CURVE ( 'NONE', #1925, #2952, #2645, .T. ) ;
#689 = CARTESIAN_POINT ( 'NONE',  ( -0.8275630370946016612, 0.9750000000000226263, -0.7749999999999999112 ) ) ;
#690 = AXIS2_PLACEMENT_3D ( 'NONE', #2743, #1819, #2264 ) ;
#691 = FACE_OUTER_BOUND ( 'NONE', #1961, .T. ) ;
#692 = LINE ( 'NONE', #412, #2260 ) ;
#693 = VECTOR ( 'NONE', #168, 1000.000000000000000 ) ;
#694 = VERTEX_POINT ( 'NONE', #1400 ) ;
#695 = VECTOR ( 'NONE', #1231, 1000.000000000000000 ) ;
#696 = LINE ( 'NONE', #185, #2639 ) ;
#697 = ORIENTED_EDGE ( 'NONE', *, *, #2863, .T. ) ;
#698 = CARTESIAN_POINT ( 'NONE',  ( 0.9378078653090784478, 0.3562162680153466709, -1.125000000000000000 ) ) ;
#699 = DIRECTION ( 'NONE',  ( -0.2588190451025212946, 0.9659258262890682012, 0.000000000000000000 ) ) ;
#700 = CARTESIAN_POINT ( 'NONE',  ( -0.6663866894903984761, 0.1499999999999999944, -1.341386689490398521 ) ) ;
#701 = AXIS2_PLACEMENT_3D ( 'NONE', #1370, #1576, #1617 ) ;
#702 = AXIS2_PLACEMENT_3D ( 'NONE', #956, #1624, #1906 ) ;
#703 = DIRECTION ( 'NONE',  ( -1.000000000000000000, 0.000000000000000000, 0.000000000000000000 ) ) ;
#704 = CARTESIAN_POINT ( 'NONE',  ( -0.4250000000000003220, 1.399999999999999911, -1.100000000000000311 ) ) ;
#705 = VECTOR ( 'NONE', #2763, 1000.000000000000000 ) ;
#706 = LINE ( 'NONE', #468, #1202 ) ;
#707 = FACE_OUTER_BOUND ( 'NONE', #2167, .T. ) ;
#708 = EDGE_CURVE ( 'NONE', #3101, #2509, #1233, .T. ) ;
#709 = ORIENTED_EDGE ( 'NONE', *, *, #2224, .F. ) ;
#710 = LINE ( 'NONE', #2383, #72 ) ;
#711 = ORIENTED_EDGE ( 'NONE', *, *, #2499, .F. ) ;
#712 = DIRECTION ( 'NONE',  ( -0.9659258262890680902, 0.2588190451025215166, 0.000000000000000000 ) ) ;
#713 = DIRECTION ( 'NONE',  ( -0.9659258262890680902, -0.2588190451025212391, 0.000000000000000000 ) ) ;
#714 = ORIENTED_EDGE ( 'NONE', *, *, #1296, .T. ) ;
#715 = CARTESIAN_POINT ( 'NONE',  ( -1.037807865309078537, 0.3562162680153466709, 0.1750000000000001277 ) ) ;
#717 = ORIENTED_EDGE ( 'NONE', *, *, #928, .T. ) ;
#716 = ORIENTED_EDGE ( 'NONE', *, *, #2544, .F. ) ;
#718 =( LENGTH_UNIT ( ) NAMED_UNIT ( * ) SI_UNIT ( .MILLI., .METRE. ) );
#719 = AXIS2_PLACEMENT_3D ( 'NONE', #1775, #2735, #2017 ) ;
#720 = CARTESIAN_POINT ( 'NONE',  ( -0.8275630370946016612, 0.8750000000000226485, 0.7750000000000001332 ) ) ;
#721 = AXIS2_PLACEMENT_3D ( 'NONE', #2596, #978, #2876 ) ;
#722 = LINE ( 'NONE', #1171, #800 ) ;
#723 = CARTESIAN_POINT ( 'NONE',  ( -0.7355042507237814498, 1.449999999999999956, -1.410504250723781494 ) ) ;
#724 = EDGE_CURVE ( 'NONE', #271, #2907, #936, .T. ) ;
#725 = EDGE_LOOP ( 'NONE', ( #2881, #1207, #2679, #1184 ) ) ;
#726 = CARTESIAN_POINT ( 'NONE',  ( 1.037807865309078537, 0.3562162680153466709, 0.7750000000000001332 ) ) ;
#727 = ORIENTED_EDGE ( 'NONE', *, *, #1448, .T. ) ;
#728 = ORIENTED_EDGE ( 'NONE', *, *, #1159, .F. ) ;
#729 = COLOUR_RGB ( '',0.2509803921568627416, 0.2509803921568627416, 0.2509803921568627416 ) ;
#730 = AXIS2_PLACEMENT_3D ( 'NONE', #2444, #339, #2178 ) ;
#731 = EDGE_CURVE ( 'NONE', #2879, #525, #501, .T. ) ;
#732 = ADVANCED_FACE ( 'NONE', ( #243 ), #1218, .F. ) ;
#733 = CARTESIAN_POINT ( 'NONE',  ( -1.304706667107066842, 0.000000000000000000, 1.125000000000000222 ) ) ;
#734 = ORIENTED_EDGE ( 'NONE', *, *, #2265, .T. ) ;
#735 = DIRECTION ( 'NONE',  ( 1.000000000000000000, 0.000000000000000000, 0.000000000000000000 ) ) ;
#736 = VERTEX_POINT ( 'NONE', #993 ) ;
#737 = DIRECTION ( 'NONE',  ( -0.000000000000000000, -0.000000000000000000, -1.000000000000000000 ) ) ;
#738 = CARTESIAN_POINT ( 'NONE',  ( 0.7749999999999996891, 1.149999999999992140, 1.449999999999999512 ) ) ;
#739 = CARTESIAN_POINT ( 'NONE',  ( 0.7628078653091089345, 0.3562162680153466709, 1.125000000000000222 ) ) ;
#740 = ADVANCED_FACE ( 'NONE', ( #1913 ), #1197, .T. ) ;
#741 = VECTOR ( 'NONE', #1144, 1000.000000000000000 ) ;
#742 = EDGE_LOOP ( 'NONE', ( #1131, #555, #488, #307 ) ) ;
#743 = CIRCLE ( 'NONE', #37, 0.1499999999999998557 ) ;
#744 = DIRECTION ( 'NONE',  ( -0.000000000000000000, -0.000000000000000000, -1.000000000000000000 ) ) ;
#745 = VERTEX_POINT ( 'NONE', #2840 ) ;
#746 = AXIS2_PLACEMENT_3D ( 'NONE', #1544, #2776, #621 ) ;
#747 = FACE_OUTER_BOUND ( 'NONE', #1122, .T. ) ;
#748 = AXIS2_PLACEMENT_3D ( 'NONE', #798, #1772, #1472 ) ;
#749 = DIRECTION ( 'NONE',  ( 1.000000000000000000, 0.000000000000000000, 0.000000000000000000 ) ) ;
#750 = VERTEX_POINT ( 'NONE', #1946 ) ;
#751 = CARTESIAN_POINT ( 'NONE',  ( -0.8275630370946016612, 0.8750000000000226485, -0.7749999999999999112 ) ) ;
#752 = ORIENTED_EDGE ( 'NONE', *, *, #813, .T. ) ;
#753 =( NAMED_UNIT ( * ) PLANE_ANGLE_UNIT ( ) SI_UNIT ( $, .RADIAN. ) );
#754 = CARTESIAN_POINT ( 'NONE',  ( 0.7749999999999999112, 0.9750000000000231815, 1.125000000000000222 ) ) ;
#755 = EDGE_CURVE ( 'NONE', #2298, #2233, #1646, .T. ) ;
#756 = CARTESIAN_POINT ( 'NONE',  ( -0.8275630370946016612, 0.8750000000000226485, 1.125000000000000222 ) ) ;
#757 =( NAMED_UNIT ( * ) PLANE_ANGLE_UNIT ( ) SI_UNIT ( $, .RADIAN. ) );
#758 = MANIFOLD_SOLID_BREP ( 'LPattern1[4]', #933 ) ;
#759 = ORIENTED_EDGE ( 'NONE', *, *, #355, .F. ) ;
#760 = CYLINDRICAL_SURFACE ( 'NONE', #323, 0.2749999999999694911 ) ;
#761 = DIRECTION ( 'NONE',  ( -0.9659258262890680902, -0.2588190451025215721, 0.000000000000000000 ) ) ;
#762 = ORIENTED_EDGE ( 'NONE', *, *, #1211, .T. ) ;
#763 = PLANE ( 'NONE',  #1265 ) ;
#764 = LINE ( 'NONE', #2450, #1948 ) ;
#765 = ORIENTED_EDGE ( 'NONE', *, *, #2886, .T. ) ;
#766 = SURFACE_STYLE_USAGE ( .BOTH. , #512 ) ;
#767 = VERTEX_POINT ( 'NONE', #2172 ) ;
#768 = EDGE_CURVE ( 'NONE', #658, #2131, #1011, .T. ) ;
#769 = CARTESIAN_POINT ( 'NONE',  ( -0.4250000000000003220, 1.399999999999999911, -1.100000000000000311 ) ) ;
#770 = DIRECTION ( 'NONE',  ( 1.000000000000000000, 2.062670333402142108E-15, 0.000000000000000000 ) ) ;
#771 = EDGE_CURVE ( 'NONE', #1274, #526, #2199, .T. ) ;
#772 = EDGE_CURVE ( 'NONE', #3110, #942, #2461, .T. ) ;
#773 = VERTEX_POINT ( 'NONE', #1308 ) ;
#774 = FACE_OUTER_BOUND ( 'NONE', #1693, .T. ) ;
#775 = DIRECTION ( 'NONE',  ( -1.000000000000000000, 0.000000000000000000, 0.000000000000000000 ) ) ;
#776 = ORIENTED_EDGE ( 'NONE', *, *, #1046, .F. ) ;
#777 = CARTESIAN_POINT ( 'NONE',  ( -0.8275630370946016612, 0.8750000000000226485, 0.1750000000000001277 ) ) ;
#778 = CLOSED_SHELL ( 'NONE', ( #2729, #2252, #1951, #77, #16, #2997, #732, #540, #2135, #1014, #1982, #784, #2409, #1199, #2257, #2373 ) ) ;
#779 = VECTOR ( 'NONE', #943, 1000.000000000000000 ) ;
#780 = EDGE_CURVE ( 'NONE', #26, #2578, #808, .T. ) ;
#781 = CARTESIAN_POINT ( 'NONE',  ( 0.8275630370946016612, 0.8750000000000226485, 1.125000000000000222 ) ) ;
#782 = CARTESIAN_POINT ( 'NONE',  ( -0.9215322991731923485, 0.8407979856674557828, -1.125000000000000000 ) ) ;
#783 = ORIENTED_EDGE ( 'NONE', *, *, #1063, .T. ) ;
#784 = ADVANCED_FACE ( 'NONE', ( #1512 ), #2724, .F. ) ;
#785 = VECTOR ( 'NONE', #1845, 1000.000000000000000 ) ;
#786 = VERTEX_POINT ( 'NONE', #42 ) ;
#787 = FACE_OUTER_BOUND ( 'NONE', #1568, .T. ) ;
#788 = FACE_OUTER_BOUND ( 'NONE', #2916, .T. ) ;
#789 = DIRECTION ( 'NONE',  ( -0.000000000000000000, -0.000000000000000000, -1.000000000000000000 ) ) ;
#790 = DIRECTION ( 'NONE',  ( 0.000000000000000000, 1.000000000000000000, 0.000000000000000000 ) ) ;
#791 = CYLINDRICAL_SURFACE ( 'NONE', #1849, 0.1000000000000000472 ) ;
#792 = VERTEX_POINT ( 'NONE', #1061 ) ;
#793 = CARTESIAN_POINT ( 'NONE',  ( -0.7750000000000002442, 0.9750000000000227374, 1.449999999999999512 ) ) ;
#794 = DIRECTION ( 'NONE',  ( 1.000000000000000000, -1.031335166701062574E-14, -0.000000000000000000 ) ) ;
#795 = VERTEX_POINT ( 'NONE', #552 ) ;
#796 = CARTESIAN_POINT ( 'NONE',  ( 0.7749999999999999112, 1.149999999999992584, -0.7749999999999999112 ) ) ;
#797 = CIRCLE ( 'NONE', #1198, 0.09999999999999993616 ) ;
#798 = CARTESIAN_POINT ( 'NONE',  ( 0.7749999999999996891, -3.288236609491476337, 1.449999999999999512 ) ) ;
#799 = VERTEX_POINT ( 'NONE', #2271 ) ;
#800 = VECTOR ( 'NONE', #2158, 1000.000000000000000 ) ;
#801 = CIRCLE ( 'NONE', #544, 0.2749999999999694911 ) ;
#802 = STYLED_ITEM ( 'NONE', ( #1957 ), #2827 ) ;
#803 = AXIS2_PLACEMENT_3D ( 'NONE', #807, #565, #21 ) ;
#804 = ORIENTED_EDGE ( 'NONE', *, *, #2358, .F. ) ;
#805 = PLANE ( 'NONE',  #2586 ) ;
#806 = ORIENTED_EDGE ( 'NONE', *, *, #2046, .T. ) ;
#807 = CARTESIAN_POINT ( 'NONE',  ( 1.037807865309078537, 0.3562162680153466709, -0.7749999999999999112 ) ) ;
#808 = LINE ( 'NONE', #566, #686 ) ;
#809 = LINE ( 'NONE', #1062, #856 ) ;
#810 =( NAMED_UNIT ( * ) SI_UNIT ( $, .STERADIAN. ) SOLID_ANGLE_UNIT ( ) );
#811 = EDGE_CURVE ( 'NONE', #669, #2179, #528, .T. ) ;
#812 = ORIENTED_EDGE ( 'NONE', *, *, #1340, .F. ) ;
#813 = EDGE_CURVE ( 'NONE', #1426, #2549, #2019, .T. ) ;
#814 = DIRECTION ( 'NONE',  ( -0.9396926207859082059, -0.3420201433256693235, 0.000000000000000000 ) ) ;
#815 = DIRECTION ( 'NONE',  ( -0.000000000000000000, -0.000000000000000000, -1.000000000000000000 ) ) ;
#816 = ADVANCED_FACE ( 'NONE', ( #316 ), #1076, .F. ) ;
#817 = VECTOR ( 'NONE', #2070, 1000.000000000000000 ) ;
#818 = DIRECTION ( 'NONE',  ( 0.000000000000000000, 0.000000000000000000, 1.000000000000000000 ) ) ;
#819 = LINE ( 'NONE', #1487, #2105 ) ;
#820 = VERTEX_POINT ( 'NONE', #296 ) ;
#821 = ORIENTED_EDGE ( 'NONE', *, *, #2582, .T. ) ;
#822 = DIRECTION ( 'NONE',  ( -1.000000000000000000, 0.000000000000000000, 0.000000000000000000 ) ) ;
#823 = ORIENTED_EDGE ( 'NONE', *, *, #413, .T. ) ;
#824 =( NAMED_UNIT ( * ) SI_UNIT ( $, .STERADIAN. ) SOLID_ANGLE_UNIT ( ) );
#825 = DIRECTION ( 'NONE',  ( -1.000000000000000000, 1.031335166701062574E-14, 0.000000000000000000 ) ) ;
#826 = PLANE ( 'NONE',  #1545 ) ;
#827 = MANIFOLD_SOLID_BREP ( 'Boss-Extrude2[2]', #778 ) ;
#828 = ORIENTED_EDGE ( 'NONE', *, *, #911, .T. ) ;
#829 = CARTESIAN_POINT ( 'NONE',  ( 1.350000000000000089, 0.1690370196005579195, 0.7750000000000001332 ) ) ;
#830 = CARTESIAN_POINT ( 'NONE',  ( -0.7750000000000002442, 1.149999999999992140, -0.7749999999999999112 ) ) ;
#831 = EDGE_CURVE ( 'NONE', #2233, #2114, #2925, .T. ) ;
#832 = AXIS2_PLACEMENT_3D ( 'NONE', #1500, #2467, #300 ) ;
#833 = CARTESIAN_POINT ( 'NONE',  ( -0.4250000000000003220, 1.449999999999999956, -1.250000000000000222 ) ) ;
#834 = AXIS2_PLACEMENT_3D ( 'NONE', #720, #2660, #2379 ) ;
#835 = FACE_OUTER_BOUND ( 'NONE', #1439, .T. ) ;
#837 = ORIENTED_EDGE ( 'NONE', *, *, #369, .T. ) ;
#836 = EDGE_LOOP ( 'NONE', ( #913, #2154, #600, #1427 ) ) ;
#838 = EDGE_CURVE ( 'NONE', #59, #1473, #1891, .T. ) ;
#839 = ORIENTED_EDGE ( 'NONE', *, *, #2546, .F. ) ;
#840 = DIRECTION ( 'NONE',  ( -0.000000000000000000, -0.000000000000000000, -1.000000000000000000 ) ) ;
#841 = ORIENTED_EDGE ( 'NONE', *, *, #973, .F. ) ;
#842 =( LENGTH_UNIT ( ) NAMED_UNIT ( * ) SI_UNIT ( .MILLI., .METRE. ) );
#843 = VECTOR ( 'NONE', #794, 1000.000000000000000 ) ;
#844 = DIRECTION ( 'NONE',  ( -0.000000000000000000, -0.000000000000000000, -1.000000000000000000 ) ) ;
#845 = DIRECTION ( 'NONE',  ( -0.000000000000000000, -0.000000000000000000, -1.000000000000000000 ) ) ;
#846 = ORIENTED_EDGE ( 'NONE', *, *, #1227, .T. ) ;
#847 = EDGE_CURVE ( 'NONE', #1952, #1274, #1977, .T. ) ;
#848 = DIRECTION ( 'NONE',  ( -1.000000000000000000, 0.000000000000000000, 0.000000000000000000 ) ) ;
#849 = CARTESIAN_POINT ( 'NONE',  ( -1.350000000000000089, 0.1690370196005573089, 0.7750000000000001332 ) ) ;
#850 = FACE_OUTER_BOUND ( 'NONE', #401, .T. ) ;
#851 = AXIS2_PLACEMENT_3D ( 'NONE', #93, #1539, #825 ) ;
#852 = CARTESIAN_POINT ( 'NONE',  ( 1.350000000000000089, 0.1690370196005579195, -0.7749999999999999112 ) ) ;
#854 = ORIENTED_EDGE ( 'NONE', *, *, #2324, .F. ) ;
#853 = ORIENTED_EDGE ( 'NONE', *, *, #3034, .T. ) ;
#855 =( GEOMETRIC_REPRESENTATION_CONTEXT ( 3 ) GLOBAL_UNCERTAINTY_ASSIGNED_CONTEXT ( ( #958 ) ) GLOBAL_UNIT_ASSIGNED_CONTEXT ( ( #2225, #753, #2171 ) ) REPRESENTATION_CONTEXT ( 'NONE', 'WORKASPACE' ) );
#856 = VECTOR ( 'NONE', #2739, 1000.000000000000000 ) ;
#857 = VERTEX_POINT ( 'NONE', #379 ) ;
#858 = CIRCLE ( 'NONE', #2360, 0.2749999999999692690 ) ;
#859 = DIRECTION ( 'NONE',  ( -0.000000000000000000, -0.000000000000000000, -1.000000000000000000 ) ) ;
#860 = VECTOR ( 'NONE', #1630, 1000.000000000000000 ) ;
#861 = VERTEX_POINT ( 'NONE', #2303 ) ;
#862 = SHAPE_DEFINITION_REPRESENTATION ( #1705, #410 ) ;
#863 = CARTESIAN_POINT ( 'NONE',  ( -1.304706667107066842, 0.000000000000000000, -0.1749999999999999056 ) ) ;
#864 = CARTESIAN_POINT ( 'NONE',  ( -1.085978507810697158, 0.7809444605854741761, -1.125000000000000000 ) ) ;
#865 = CARTESIAN_POINT ( 'NONE',  ( 0.8275630370946016612, 0.8750000000000226485, -1.125000000000000000 ) ) ;
#866 = CARTESIAN_POINT ( 'NONE',  ( -0.7750000000000002442, 1.149999999999992140, 0.7750000000000001332 ) ) ;
#867 = PLANE ( 'NONE',  #690 ) ;
#868 = LINE ( 'NONE', #356, #785 ) ;
#870 = VERTEX_POINT ( 'NONE', #629 ) ;
#869 = ORIENTED_EDGE ( 'NONE', *, *, #203, .T. ) ;
#871 = AXIS2_PLACEMENT_3D ( 'NONE', #873, #2531, #1851 ) ;
#872 = VERTEX_POINT ( 'NONE', #1339 ) ;
#873 = CARTESIAN_POINT ( 'NONE',  ( -1.011925960798826463, 0.2596236853864398175, 0.1750000000000001277 ) ) ;
#874 = ORIENTED_EDGE ( 'NONE', *, *, #2348, .T. ) ;
#875 = CARTESIAN_POINT ( 'NONE',  ( -0.9215322991731923485, 0.8407979856674557828, 1.125000000000000222 ) ) ;
#876 = CARTESIAN_POINT ( 'NONE',  ( -1.304706667107066842, 0.000000000000000000, -0.7749999999999999112 ) ) ;
#877 = EDGE_CURVE ( 'NONE', #2216, #1274, #3019, .T. ) ;
#878 = DIRECTION ( 'NONE',  ( 1.000000000000000000, 0.000000000000000000, 0.000000000000000000 ) ) ;
#879 = EDGE_CURVE ( 'NONE', #2283, #2128, #1827, .T. ) ;
#880 = DIRECTION ( 'NONE',  ( -1.000000000000000000, 0.000000000000000000, 0.000000000000000000 ) ) ;
#881 = CARTESIAN_POINT ( 'NONE',  ( -1.085978507810697380, 0.7809444605854740651, 1.125000000000000222 ) ) ;
#882 = EDGE_CURVE ( 'NONE', #214, #2298, #1574, .T. ) ;
#883 = ADVANCED_FACE ( 'NONE', ( #2770 ), #135, .F. ) ;
#884 = CARTESIAN_POINT ( 'NONE',  ( 0.7749999999999999112, 1.149999999999992584, 1.125000000000000222 ) ) ;
#886 = VERTEX_POINT ( 'NONE', #1589 ) ;
#885 = ORIENTED_EDGE ( 'NONE', *, *, #708, .T. ) ;
#887 = EDGE_CURVE ( 'NONE', #669, #1355, #2550, .T. ) ;
#888 = CIRCLE ( 'NONE', #977, 0.1000000000000000472 ) ;
#889 = STYLED_ITEM ( 'NONE', ( #2626 ), #758 ) ;
#890 = EDGE_CURVE ( 'NONE', #658, #2291, #2520, .T. ) ;
#891 = CARTESIAN_POINT ( 'NONE',  ( -1.102563037094570930, 0.8750000000000226485, 1.125000000000000222 ) ) ;
#892 = ORIENTED_EDGE ( 'NONE', *, *, #1882, .F. ) ;
#893 = FILL_AREA_STYLE_COLOUR ( '', #1101 ) ;
#894 = CYLINDRICAL_SURFACE ( 'NONE', #595, 0.1499999999999998557 ) ;
#895 = VECTOR ( 'NONE', #1566, 1000.000000000000000 ) ;
#896 = CARTESIAN_POINT ( 'NONE',  ( -0.8275630370946016612, 0.9750000000000226263, 1.125000000000000222 ) ) ;
#897 = CARTESIAN_POINT ( 'NONE',  ( 1.085978507810697158, 0.7809444605854741761, 0.7750000000000001332 ) ) ;
#898 = DIRECTION ( 'NONE',  ( 0.000000000000000000, -0.000000000000000000, -1.000000000000000000 ) ) ;
#899 = CARTESIAN_POINT ( 'NONE',  ( 1.085978507810697158, 0.7809444605854741761, -0.7749999999999999112 ) ) ;
#900 = VERTEX_POINT ( 'NONE', #863 ) ;
#901 = EDGE_CURVE ( 'NONE', #1363, #1498, #1557, .T. ) ;
#902 = DIRECTION ( 'NONE',  ( -0.3420201433256686019, -0.9396926207859085389, 0.000000000000000000 ) ) ;
#903 = ORIENTED_EDGE ( 'NONE', *, *, #1755, .T. ) ;
#904 = CARTESIAN_POINT ( 'NONE',  ( 0.7749999999999999112, 1.149999999999992584, -1.125000000000000000 ) ) ;
#905 = VECTOR ( 'NONE', #770, 1000.000000000000000 ) ;
#906 = VECTOR ( 'NONE', #257, 1000.000000000000000 ) ;
#907 = VECTOR ( 'NONE', #2266, 1000.000000000000000 ) ;
#908 = DIRECTION ( 'NONE',  ( 0.000000000000000000, 0.000000000000000000, 1.000000000000000000 ) ) ;
#909 = LINE ( 'NONE', #2775, #1057 ) ;
#910 = CARTESIAN_POINT ( 'NONE',  ( -1.085978507810697380, 0.7809444605854740651, -0.1749999999999999056 ) ) ;
#911 = EDGE_CURVE ( 'NONE', #1691, #1498, #118, .T. ) ;
#912 = DIRECTION ( 'NONE',  ( 0.000000000000000000, 0.000000000000000000, 1.000000000000000000 ) ) ;
#913 = ORIENTED_EDGE ( 'NONE', *, *, #2455, .T. ) ;
#914 = DIRECTION ( 'NONE',  ( 0.000000000000000000, 0.000000000000000000, 1.000000000000000000 ) ) ;
#915 = ORIENTED_EDGE ( 'NONE', *, *, #2868, .F. ) ;
#916 = EDGE_CURVE ( 'NONE', #792, #2299, #1592, .T. ) ;
#917 = CARTESIAN_POINT ( 'NONE',  ( -1.085978507810697158, 0.7809444605854741761, 1.125000000000000222 ) ) ;
#918 = CARTESIAN_POINT ( 'NONE',  ( -0.8275630370946016612, 1.149999999999992140, -0.7749999999999999112 ) ) ;
#919 = CARTESIAN_POINT ( 'NONE',  ( -0.7793923945929824848, 0.4502718074298952544, -0.1749999999999999056 ) ) ;
#920 = CARTESIAN_POINT ( 'NONE',  ( 1.011925960798826463, 0.2596236853864398175, -0.7749999999999999112 ) ) ;
#921 = DIRECTION ( 'NONE',  ( -1.000000000000000000, 0.000000000000000000, 0.000000000000000000 ) ) ;
#922 = EDGE_LOOP ( 'NONE', ( #2562, #2155, #2905, #480 ) ) ;
#923 = DIRECTION ( 'NONE',  ( 0.3420201433256686019, -0.9396926207859084279, 0.000000000000000000 ) ) ;
#924 = ORIENTED_EDGE ( 'NONE', *, *, #2808, .F. ) ;
#925 = FACE_OUTER_BOUND ( 'NONE', #1762, .T. ) ;
#926 = APPLICATION_CONTEXT ( 'automotive_design' ) ;
#927 = CARTESIAN_POINT ( 'NONE',  ( -1.037807865309078537, 0.3562162680153466709, -0.7749999999999999112 ) ) ;
#928 = EDGE_CURVE ( 'NONE', #2879, #1287, #1868, .T. ) ;
#929 = VERTEX_POINT ( 'NONE', #1631 ) ;
#930 = ADVANCED_FACE ( 'NONE', ( #365 ), #1091, .F. ) ;
#931 = UNCERTAINTY_MEASURE_WITH_UNIT (LENGTH_MEASURE( 1.000000000000000082E-05 ), #2454, 'distance_accuracy_value', 'NONE');
#932 = CARTESIAN_POINT ( 'NONE',  ( -1.304706667107066842, 0.000000000000000000, 0.1750000000000001277 ) ) ;
#933 = CLOSED_SHELL ( 'NONE', ( #2636, #110, #1342, #1879, #2567, #636, #1689, #1792, #2777, #930, #247, #31, #1933, #210, #1367, #2484 ) ) ;
#934 = VECTOR ( 'NONE', #1862, 1000.000000000000000 ) ;
#935 = DIRECTION ( 'NONE',  ( -0.000000000000000000, -0.000000000000000000, -1.000000000000000000 ) ) ;
#936 = LINE ( 'NONE', #738, #572 ) ;
#937 = CARTESIAN_POINT ( 'NONE',  ( 1.085978507810697158, 0.7809444605854741761, 0.7750000000000001332 ) ) ;
#938 = CARTESIAN_POINT ( 'NONE',  ( 0.8275630370946016612, 1.149999999999991918, 0.7750000000000001332 ) ) ;
#939 = ORIENTED_EDGE ( 'NONE', *, *, #1983, .T. ) ;
#940 = CARTESIAN_POINT ( 'NONE',  ( -1.304706667107066842, 0.000000000000000000, 1.125000000000000222 ) ) ;
#941 = VERTEX_POINT ( 'NONE', #896 ) ;
#942 = VERTEX_POINT ( 'NONE', #422 ) ;
#943 = DIRECTION ( 'NONE',  ( -0.000000000000000000, -0.000000000000000000, -1.000000000000000000 ) ) ;
#944 = CYLINDRICAL_SURFACE ( 'NONE', #2559, 0.2749999999999694911 ) ;
#945 = DIRECTION ( 'NONE',  ( 0.000000000000000000, 1.000000000000000000, 0.000000000000000000 ) ) ;
#946 = STYLED_ITEM ( 'NONE', ( #260 ), #2794 ) ;
#947 = LINE ( 'NONE', #1869, #2148 ) ;
#948 = DIRECTION ( 'NONE',  ( 0.000000000000000000, 0.000000000000000000, 1.000000000000000000 ) ) ;
#949 = VECTOR ( 'NONE', #2598, 1000.000000000000000 ) ;
#950 = AXIS2_PLACEMENT_3D ( 'NONE', #2122, #2641, #2168 ) ;
#951 = ORIENTED_EDGE ( 'NONE', *, *, #2933, .T. ) ;
#952 = STYLED_ITEM ( 'NONE', ( #1267 ), #2811 ) ;
#953 = STYLED_ITEM ( 'NONE', ( #2875 ), #2890 ) ;
#954 = CARTESIAN_POINT ( 'NONE',  ( 0.7749999999999996891, 0.9750000000000227374, -1.450000000000000400 ) ) ;
#955 = ORIENTED_EDGE ( 'NONE', *, *, #370, .T. ) ;
#956 = CARTESIAN_POINT ( 'NONE',  ( -0.7750000000000002442, 0.9750000000000227374, -0.7749999999999999112 ) ) ;
#957 = CARTESIAN_POINT ( 'NONE',  ( -0.8275630370946016612, 0.9750000000000226263, 0.1750000000000001277 ) ) ;
#958 = UNCERTAINTY_MEASURE_WITH_UNIT (LENGTH_MEASURE( 1.000000000000000082E-05 ), #2225, 'distance_accuracy_value', 'NONE');
#959 = CARTESIAN_POINT ( 'NONE',  ( -0.4250000000000003220, 1.449999999999999956, -1.100000000000000311 ) ) ;
#960 = VECTOR ( 'NONE', #2790, 1000.000000000000114 ) ;
#962 = ORIENTED_EDGE ( 'NONE', *, *, #2675, .F. ) ;
#961 = ORIENTED_EDGE ( 'NONE', *, *, #1694, .T. ) ;
#963 = DIRECTION ( 'NONE',  ( -0.9659258262890685343, 0.2588190451025200178, -0.000000000000000000 ) ) ;
#964 = DIRECTION ( 'NONE',  ( 0.9659258262890680902, 0.2588190451025215166, -0.000000000000000000 ) ) ;
#965 = DIRECTION ( 'NONE',  ( -1.000000000000000000, 0.000000000000000000, 0.000000000000000000 ) ) ;
#966 = EDGE_CURVE ( 'NONE', #271, #1583, #1382, .T. ) ;
#967 = EDGE_CURVE ( 'NONE', #2047, #900, #1323, .T. ) ;
#968 = ORIENTED_EDGE ( 'NONE', *, *, #508, .T. ) ;
#969 = LINE ( 'NONE', #954, #1185 ) ;
#970 = ORIENTED_EDGE ( 'NONE', *, *, #2963, .F. ) ;
#971 = ORIENTED_EDGE ( 'NONE', *, *, #755, .T. ) ;
#972 = LINE ( 'NONE', #957, #2386 ) ;
#973 = EDGE_CURVE ( 'NONE', #2179, #2283, #2569, .T. ) ;
#974 = EDGE_LOOP ( 'NONE', ( #1209, #2065, #1799, #613 ) ) ;
#975 = DIRECTION ( 'NONE',  ( -0.000000000000000000, -0.000000000000000000, -1.000000000000000000 ) ) ;
#976 = EDGE_LOOP ( 'NONE', ( #199, #1822, #2966, #475 ) ) ;
#977 = AXIS2_PLACEMENT_3D ( 'NONE', #1283, #1986, #2944 ) ;
#978 = DIRECTION ( 'NONE',  ( -0.000000000000000000, -0.000000000000000000, -1.000000000000000000 ) ) ;
#979 = PRESENTATION_LAYER_ASSIGNMENT (  '', '', ( #889 ) ) ;
#980 = DIRECTION ( 'NONE',  ( -1.000000000000000000, 0.000000000000000000, 0.000000000000000000 ) ) ;
#981 = DIRECTION ( 'NONE',  ( 1.000000000000000000, 0.000000000000000000, 0.000000000000000000 ) ) ;
#982 = ORIENTED_EDGE ( 'NONE', *, *, #1289, .F. ) ;
#983 = CARTESIAN_POINT ( 'NONE',  ( -0.9215322991731923485, 0.8407979856674557828, 0.1750000000000001277 ) ) ;
#984 = ORIENTED_EDGE ( 'NONE', *, *, #1195, .F. ) ;
#985 = CARTESIAN_POINT ( 'NONE',  ( -0.7750000000000002442, 1.149999999999992140, 1.125000000000000222 ) ) ;
#986 = VECTOR ( 'NONE', #109, 1000.000000000000114 ) ;
#987 = CARTESIAN_POINT ( 'NONE',  ( -0.9215322991731923485, 0.8407979856674557828, -0.7749999999999999112 ) ) ;
#988 = EDGE_CURVE ( 'NONE', #3101, #624, #121, .T. ) ;
#989 = VERTEX_POINT ( 'NONE', #1856 ) ;
#990 =( NAMED_UNIT ( * ) SI_UNIT ( $, .STERADIAN. ) SOLID_ANGLE_UNIT ( ) );
#991 = ORIENTED_EDGE ( 'NONE', *, *, #2595, .T. ) ;
#992 = CARTESIAN_POINT ( 'NONE',  ( 0.000000000000000000, 1.449999999999999956, 1.410504250723780606 ) ) ;
#993 = CARTESIAN_POINT ( 'NONE',  ( -0.8275630370946016612, 0.9750000000000226263, -0.1749999999999999056 ) ) ;
#994 = AXIS2_PLACEMENT_3D ( 'NONE', #2492, #1964, #2206 ) ;
#995 = DIRECTION ( 'NONE',  ( 0.000000000000000000, 0.000000000000000000, -1.000000000000000000 ) ) ;
#996 = CIRCLE ( 'NONE', #1893, 0.2749999999999692690 ) ;
#997 = VECTOR ( 'NONE', #2792, 1000.000000000000000 ) ;
#998 = EDGE_LOOP ( 'NONE', ( #1023, #1083, #716, #248 ) ) ;
#999 = VECTOR ( 'NONE', #364, 1000.000000000000114 ) ;
#1000 = LINE ( 'NONE', #2496, #270 ) ;
#1001 = EDGE_LOOP ( 'NONE', ( #2689, #2317, #91, #2565 ) ) ;
#1002 = AXIS2_PLACEMENT_3D ( 'NONE', #2174, #2942, #24 ) ;
#1003 = DIRECTION ( 'NONE',  ( 0.000000000000000000, -1.000000000000000000, 0.000000000000000000 ) ) ;
#1004 = DIRECTION ( 'NONE',  ( -0.000000000000000000, -0.000000000000000000, -1.000000000000000000 ) ) ;
#1005 = CARTESIAN_POINT ( 'NONE',  ( 1.037807865309078537, 0.3562162680153466709, -0.7749999999999999112 ) ) ;
#1006 = EDGE_CURVE ( 'NONE', #2509, #1993, #1817, .T. ) ;
#1007 = ORIENTED_EDGE ( 'NONE', *, *, #2082, .F. ) ;
#1008 = ORIENTED_EDGE ( 'NONE', *, *, #2265, .F. ) ;
#1009 = EDGE_CURVE ( 'NONE', #611, #2254, #303, .T. ) ;
#1010 = LINE ( 'NONE', #2410, #286 ) ;
#1011 = LINE ( 'NONE', #1028, #2183 ) ;
#1012 = CARTESIAN_POINT ( 'NONE',  ( -0.8275630370946016612, 0.8750000000000226485, -1.125000000000000000 ) ) ;
#1013 = CARTESIAN_POINT ( 'NONE',  ( 0.8275630370946016612, 0.8750000000000226485, 1.125000000000000222 ) ) ;
#1014 = ADVANCED_FACE ( 'NONE', ( #619 ), #2350, .F. ) ;
#1015 = AXIS2_PLACEMENT_3D ( 'NONE', #159, #2093, #2996 ) ;
#1016 = ORIENTED_EDGE ( 'NONE', *, *, #847, .F. ) ;
#1017 = FACE_OUTER_BOUND ( 'NONE', #2764, .T. ) ;
#1018 = CARTESIAN_POINT ( 'NONE',  ( -0.6663866894903984761, 0.1499999999999999944, 0.000000000000000000 ) ) ;
#1019 = VERTEX_POINT ( 'NONE', #1143 ) ;
#1020 = DIRECTION ( 'NONE',  ( -0.9659258262890686453, 0.2588190451025196293, 0.000000000000000000 ) ) ;
#1021 = CARTESIAN_POINT ( 'NONE',  ( -0.4250000000000003220, 1.399999999999999911, -1.250000000000000222 ) ) ;
#1022 = CARTESIAN_POINT ( 'NONE',  ( 1.037807865309078537, 0.3562162680153466709, 1.125000000000000222 ) ) ;
#1023 = ORIENTED_EDGE ( 'NONE', *, *, #2082, .T. ) ;
#1024 = VERTEX_POINT ( 'NONE', #652 ) ;
#1025 = DIRECTION ( 'NONE',  ( -0.000000000000000000, 1.000000000000000000, -0.000000000000000000 ) ) ;
#1026 = EDGE_CURVE ( 'NONE', #2836, #773, #1513, .T. ) ;
#1027 = DIRECTION ( 'NONE',  ( -0.1294283079955606819, -0.9831056027603608527, 0.1294283079955606819 ) ) ;
#1028 = CARTESIAN_POINT ( 'NONE',  ( 0.9215322991731923485, 0.8407979856674557828, 1.125000000000000222 ) ) ;
#1029 = CARTESIAN_POINT ( 'NONE',  ( 0.9215322991731923485, 0.8407979856674557828, -0.7749999999999999112 ) ) ;
#1030 = CARTESIAN_POINT ( 'NONE',  ( 1.037807865309078537, 0.3562162680153466709, -0.7749999999999999112 ) ) ;
#1031 = CIRCLE ( 'NONE', #162, 0.2749999999999692690 ) ;
#1032 = ORIENTED_EDGE ( 'NONE', *, *, #1378, .T. ) ;
#1033 = DIRECTION ( 'NONE',  ( -0.000000000000000000, -0.000000000000000000, -1.000000000000000000 ) ) ;
#1034 = DIRECTION ( 'NONE',  ( 1.000000000000000000, 0.000000000000000000, 0.000000000000000000 ) ) ;
#1035 = ORIENTED_EDGE ( 'NONE', *, *, #1340, .T. ) ;
#1036 = VECTOR ( 'NONE', #1440, 1000.000000000000000 ) ;
#1037 = DIRECTION ( 'NONE',  ( -1.000000000000000000, 0.000000000000000000, 0.000000000000000000 ) ) ;
#1038 = DIRECTION ( 'NONE',  ( 1.000000000000000000, 0.000000000000000000, 0.000000000000000000 ) ) ;
#1039 = ORIENTED_EDGE ( 'NONE', *, *, #2778, .F. ) ;
#1040 = AXIS2_PLACEMENT_3D ( 'NONE', #1284, #2961, #775 ) ;
#1041 = ORIENTED_EDGE ( 'NONE', *, *, #2546, .T. ) ;
#1042 = CARTESIAN_POINT ( 'NONE',  ( 0.7749999999999996891, 0.9750000000000227374, 1.449999999999999512 ) ) ;
#1043 = ORIENTED_EDGE ( 'NONE', *, *, #3033, .F. ) ;
#1044 = EDGE_CURVE ( 'NONE', #2672, #2658, #2098, .T. ) ;
#1045 = DIRECTION ( 'NONE',  ( 0.000000000000000000, 0.000000000000000000, 1.000000000000000000 ) ) ;
#1046 = EDGE_CURVE ( 'NONE', #62, #2549, #2325, .T. ) ;
#1047 = CARTESIAN_POINT ( 'NONE',  ( 0.7749999999999996891, 0.9750000000000227374, -1.450000000000000400 ) ) ;
#1048 = FACE_OUTER_BOUND ( 'NONE', #1920, .T. ) ;
#1049 = ORIENTED_EDGE ( 'NONE', *, *, #928, .F. ) ;
#1050 = PLANE ( 'NONE',  #1832 ) ;
#1051 = LINE ( 'NONE', #2009, #645 ) ;
#1052 = SURFACE_STYLE_USAGE ( .BOTH. , #64 ) ;
#1053 = AXIS2_PLACEMENT_3D ( 'NONE', #2338, #180, #965 ) ;
#1054 = VECTOR ( 'NONE', #2717, 1000.000000000000000 ) ;
#1055 = DIRECTION ( 'NONE',  ( 0.000000000000000000, 0.000000000000000000, 1.000000000000000000 ) ) ;
#1056 = ORIENTED_EDGE ( 'NONE', *, *, #205, .T. ) ;
#1057 = VECTOR ( 'NONE', #880, 1000.000000000000000 ) ;
#1058 = VECTOR ( 'NONE', #2580, 1000.000000000000000 ) ;
#1059 = ORIENTED_EDGE ( 'NONE', *, *, #2175, .F. ) ;
#1060 = VERTEX_POINT ( 'NONE', #397 ) ;
#1061 = CARTESIAN_POINT ( 'NONE',  ( -0.7355042507237814498, 1.449999999999999956, 1.410504250723780606 ) ) ;
#1062 = CARTESIAN_POINT ( 'NONE',  ( 0.8275630370946016612, 0.9750000000000226263, -1.125000000000000000 ) ) ;
#1063 = EDGE_CURVE ( 'NONE', #2651, #568, #1841, .T. ) ;
#1064 = ORIENTED_EDGE ( 'NONE', *, *, #2773, .T. ) ;
#1065 = DIRECTION ( 'NONE',  ( 0.000000000000000000, -0.000000000000000000, 1.000000000000000000 ) ) ;
#1066 = DIRECTION ( 'NONE',  ( 0.000000000000000000, -0.000000000000000000, -1.000000000000000000 ) ) ;
#1067 = ADVANCED_FACE ( 'NONE', ( #3059 ), #2111, .T. ) ;
#1068 = FILL_AREA_STYLE_COLOUR ( '', #1108 ) ;
#1069 = LINE ( 'NONE', #852, #2522 ) ;
#1071 = ORIENTED_EDGE ( 'NONE', *, *, #2783, .T. ) ;
#1070 = ORIENTED_EDGE ( 'NONE', *, *, #1175, .T. ) ;
#1072 = ORIENTED_EDGE ( 'NONE', *, *, #1721, .T. ) ;
#1073 = CARTESIAN_POINT ( 'NONE',  ( -0.7355042507237814498, 1.449999999999999956, 1.449999999999999512 ) ) ;
#1074 = VERTEX_POINT ( 'NONE', #153 ) ;
#1075 = EDGE_CURVE ( 'NONE', #1351, #745, #2817, .T. ) ;
#1076 = CYLINDRICAL_SURFACE ( 'NONE', #994, 0.1499999999999998557 ) ;
#1077 = CARTESIAN_POINT ( 'NONE',  ( -1.350000000000000089, 0.1690370196005573089, -1.125000000000000000 ) ) ;
#1078 = ORIENTED_EDGE ( 'NONE', *, *, #2732, .T. ) ;
#1079 = DIRECTION ( 'NONE',  ( -1.000000000000000000, 0.000000000000000000, 0.000000000000000000 ) ) ;
#1080 = DIRECTION ( 'NONE',  ( -0.000000000000000000, -0.000000000000000000, -1.000000000000000000 ) ) ;
#1081 = CARTESIAN_POINT ( 'NONE',  ( -0.7793923945929824848, 0.4502718074298951989, 0.1750000000000001277 ) ) ;
#1082 = CARTESIAN_POINT ( 'NONE',  ( 0.7628078653091089345, 0.3562162680153466709, -1.125000000000000000 ) ) ;
#1084 = VERTEX_POINT ( 'NONE', #1127 ) ;
#1083 = ORIENTED_EDGE ( 'NONE', *, *, #967, .F. ) ;
#1085 = ORIENTED_EDGE ( 'NONE', *, *, #370, .F. ) ;
#1086 = CARTESIAN_POINT ( 'NONE',  ( -0.8275630370946016612, 0.8750000000000226485, 1.125000000000000222 ) ) ;
#1087 = EDGE_LOOP ( 'NONE', ( #157, #311, #1781, #2600 ) ) ;
#1088 = AXIS2_PLACEMENT_3D ( 'NONE', #726, #1685, #489 ) ;
#1089 = DIRECTION ( 'NONE',  ( 0.2588190451025215166, -0.9659258262890680902, 0.000000000000000000 ) ) ;
#1090 = DIRECTION ( 'NONE',  ( 0.000000000000000000, 0.000000000000000000, 1.000000000000000000 ) ) ;
#1091 = PLANE ( 'NONE',  #1120 ) ;
#1092 = ORIENTED_EDGE ( 'NONE', *, *, #2833, .T. ) ;
#1093 = DIRECTION ( 'NONE',  ( 0.9396926207859082059, -0.3420201433256693235, 0.000000000000000000 ) ) ;
#1094 = FACE_OUTER_BOUND ( 'NONE', #362, .T. ) ;
#1095 = CARTESIAN_POINT ( 'NONE',  ( 0.6439161996420170730, -0.02068031568079202465, 1.318916199642016895 ) ) ;
#1096 = VECTOR ( 'NONE', #1795, 1000.000000000000000 ) ;
#1097 = LINE ( 'NONE', #2513, #907 ) ;
#1099 = EDGE_LOOP ( 'NONE', ( #1269, #1686, #3073, #2574 ) ) ;
#1098 = ORIENTED_EDGE ( 'NONE', *, *, #1165, .T. ) ;
#1100 = VECTOR ( 'NONE', #1594, 1000.000000000000114 ) ;
#1101 = COLOUR_RGB ( '',0.7921568627450980005, 0.8196078431372548767, 0.9333333333333333481 ) ;
#1102 = VECTOR ( 'NONE', #2857, 1000.000000000000000 ) ;
#1103 = ORIENTED_EDGE ( 'NONE', *, *, #3095, .T. ) ;
#1104 = VECTOR ( 'NONE', #1523, 1000.000000000000227 ) ;
#1105 = LINE ( 'NONE', #2785, #347 ) ;
#1106 = AXIS2_PLACEMENT_3D ( 'NONE', #509, #1471, #1506 ) ;
#1107 = ADVANCED_FACE ( 'NONE', ( #3035 ), #1128, .T. ) ;
#1108 = COLOUR_RGB ( '',0.7921568627450980005, 0.8196078431372548767, 0.9333333333333333481 ) ;
#1109 = ORIENTED_EDGE ( 'NONE', *, *, #640, .F. ) ;
#1110 = EDGE_CURVE ( 'NONE', #459, #1019, #404, .T. ) ;
#1111 = DIRECTION ( 'NONE',  ( 1.000000000000000000, 2.062670333402142108E-15, 0.000000000000000000 ) ) ;
#1112 = DIRECTION ( 'NONE',  ( 0.000000000000000000, 0.000000000000000000, 1.000000000000000000 ) ) ;
#1113 = EDGE_CURVE ( 'NONE', #820, #2193, #1371, .T. ) ;
#1114 = DIRECTION ( 'NONE',  ( -0.1294283079955606819, 0.9831056027603608527, 0.1294283079955606819 ) ) ;
#1115 = CARTESIAN_POINT ( 'NONE',  ( -1.350000000000000089, 0.1690370196005573089, 0.1750000000000001277 ) ) ;
#1116 = CARTESIAN_POINT ( 'NONE',  ( 1.350000000000000089, 0.1690370196005579195, -1.125000000000000000 ) ) ;
#1117 = ADVANCED_FACE ( 'NONE', ( #2988 ), #2524, .F. ) ;
#1118 = EDGE_CURVE ( 'NONE', #2128, #6, #909, .T. ) ;
#1119 = CARTESIAN_POINT ( 'NONE',  ( -0.7750000000000002442, 0.9750000000000227374, 0.1750000000000001277 ) ) ;
#1120 = AXIS2_PLACEMENT_3D ( 'NONE', #1605, #1343, #2581 ) ;
#1122 = EDGE_LOOP ( 'NONE', ( #1078, #2281, #1676, #2163, #1324, #2529, #48, #1386, #1260, #605, #239, #697, #874, #2699 ) ) ;
#1121 = ORIENTED_EDGE ( 'NONE', *, *, #2733, .F. ) ;
#1123 = AXIS2_PLACEMENT_3D ( 'NONE', #2333, #2564, #1376 ) ;
#1124 = DIRECTION ( 'NONE',  ( 0.000000000000000000, 0.000000000000000000, 1.000000000000000000 ) ) ;
#1125 = ORIENTED_EDGE ( 'NONE', *, *, #2499, .T. ) ;
#1126 = DIRECTION ( 'NONE',  ( -0.000000000000000000, -0.000000000000000000, -1.000000000000000000 ) ) ;
#1127 = CARTESIAN_POINT ( 'NONE',  ( 0.7749999999999999112, 1.149999999999992584, -0.7749999999999999112 ) ) ;
#1128 = PLANE ( 'NONE',  #1766 ) ;
#1129 = CARTESIAN_POINT ( 'NONE',  ( -0.7750000000000002442, 1.149999999999992140, 1.125000000000000222 ) ) ;
#1130 = LINE ( 'NONE', #1119, #2136 ) ;
#1132 = ORIENTED_EDGE ( 'NONE', *, *, #1264, .F. ) ;
#1131 = ORIENTED_EDGE ( 'NONE', *, *, #2908, .F. ) ;
#1133 = AXIS2_PLACEMENT_3D ( 'NONE', #497, #2657, #55 ) ;
#1134 = AXIS2_PLACEMENT_3D ( 'NONE', #435, #1170, #3103 ) ;
#1135 = PLANE ( 'NONE',  #1123 ) ;
#1136 = ORIENTED_EDGE ( 'NONE', *, *, #2321, .T. ) ;
#1137 = DIRECTION ( 'NONE',  ( -1.000000000000000000, 0.000000000000000000, 0.000000000000000000 ) ) ;
#1138 = ADVANCED_FACE ( 'NONE', ( #2306 ), #653, .T. ) ;
#1139 = VECTOR ( 'NONE', #1033, 1000.000000000000000 ) ;
#1140 = AXIS2_PLACEMENT_3D ( 'NONE', #371, #2040, #1547 ) ;
#1141 = EDGE_CURVE ( 'NONE', #1282, #2726, #1894, .T. ) ;
#1142 = CARTESIAN_POINT ( 'NONE',  ( -0.9275630370946015280, 0.8750000000000226485, 1.125000000000000222 ) ) ;
#1143 = CARTESIAN_POINT ( 'NONE',  ( 0.9666326279058929938, 0.09058666578588239759, -1.125000000000000000 ) ) ;
#1144 = DIRECTION ( 'NONE',  ( -0.3420201433256693790, 0.9396926207859082059, 0.000000000000000000 ) ) ;
#1145 = CARTESIAN_POINT ( 'NONE',  ( 0.8275630370946016612, 0.8750000000000226485, 1.125000000000000222 ) ) ;
#1146 = DIRECTION ( 'NONE',  ( 0.000000000000000000, -0.000000000000000000, 1.000000000000000000 ) ) ;
#1147 = ORIENTED_EDGE ( 'NONE', *, *, #1191, .F. ) ;
#1148 = EDGE_CURVE ( 'NONE', #2120, #1282, #1593, .T. ) ;
#1149 = CARTESIAN_POINT ( 'NONE',  ( -0.4250000000000003220, 1.399999999999999911, -0.9500000000000003997 ) ) ;
#1150 = VERTEX_POINT ( 'NONE', #866 ) ;
#1151 = AXIS2_PLACEMENT_3D ( 'NONE', #1647, #7, #980 ) ;
#1152 = VECTOR ( 'NONE', #975, 1000.000000000000000 ) ;
#1153 = FACE_OUTER_BOUND ( 'NONE', #2247, .T. ) ;
#1154 = CIRCLE ( 'NONE', #137, 0.1000000000000000472 ) ;
#1155 = VECTOR ( 'NONE', #2900, 1000.000000000000000 ) ;
#1156 = CARTESIAN_POINT ( 'NONE',  ( -1.085978507810697158, 0.7809444605854741761, -0.1749999999999999056 ) ) ;
#1157 = LINE ( 'NONE', #2412, #1350 ) ;
#1158 = DIRECTION ( 'NONE',  ( -0.000000000000000000, -0.000000000000000000, -1.000000000000000000 ) ) ;
#1159 = EDGE_CURVE ( 'NONE', #1441, #2466, #2555, .T. ) ;
#1160 = ORIENTED_EDGE ( 'NONE', *, *, #1238, .T. ) ;
#1161 = CARTESIAN_POINT ( 'NONE',  ( -0.7750000000000002442, 0.9750000000000227374, -1.125000000000000000 ) ) ;
#1162 = VERTEX_POINT ( 'NONE', #398 ) ;
#1163 = EDGE_CURVE ( 'NONE', #288, #1162, #543, .T. ) ;
#1164 = CARTESIAN_POINT ( 'NONE',  ( -0.7750000000000002442, 1.149999999999992140, 0.1750000000000001277 ) ) ;
#1165 = EDGE_CURVE ( 'NONE', #2993, #3014, #2570, .T. ) ;
#1166 = CARTESIAN_POINT ( 'NONE',  ( -1.350000000000000089, 0.1690370196005573089, -0.7749999999999999112 ) ) ;
#1167 = ORIENTED_EDGE ( 'NONE', *, *, #676, .T. ) ;
#1168 = DIRECTION ( 'NONE',  ( 0.000000000000000000, 0.000000000000000000, 1.000000000000000000 ) ) ;
#1169 = DIRECTION ( 'NONE',  ( -0.3420201433256693790, -0.9396926207859082059, -0.000000000000000000 ) ) ;
#1170 = DIRECTION ( 'NONE',  ( 0.000000000000000000, 0.000000000000000000, -1.000000000000000000 ) ) ;
#1171 = CARTESIAN_POINT ( 'NONE',  ( 0.7628078653091089345, 0.3562162680153466709, -0.7749999999999999112 ) ) ;
#1172 = CARTESIAN_POINT ( 'NONE',  ( 1.304706667107066842, 5.853375736277808971E-16, -0.7749999999999999112 ) ) ;
#1173 = ORIENTED_EDGE ( 'NONE', *, *, #202, .F. ) ;
#1174 = DIRECTION ( 'NONE',  ( -0.000000000000000000, -0.000000000000000000, -1.000000000000000000 ) ) ;
#1175 = EDGE_CURVE ( 'NONE', #579, #2216, #3045, .T. ) ;
#1176 = ORIENTED_EDGE ( 'NONE', *, *, #811, .T. ) ;
#1177 = DIRECTION ( 'NONE',  ( 1.000000000000000000, 0.000000000000000000, 0.000000000000000000 ) ) ;
#1178 = DIRECTION ( 'NONE',  ( -0.000000000000000000, -0.000000000000000000, -1.000000000000000000 ) ) ;
#1179 = CARTESIAN_POINT ( 'NONE',  ( 0.8275630370946016612, 0.9750000000000226263, 1.125000000000000222 ) ) ;
#1180 = FACE_OUTER_BOUND ( 'NONE', #2943, .T. ) ;
#1181 = DIRECTION ( 'NONE',  ( -0.000000000000000000, -1.000000000000000000, -0.000000000000000000 ) ) ;
#1182 = LINE ( 'NONE', #2646, #2505 ) ;
#1183 = CARTESIAN_POINT ( 'NONE',  ( -0.4250000000000003220, 1.399999999999999911, -1.100000000000000311 ) ) ;
#1184 = ORIENTED_EDGE ( 'NONE', *, *, #3003, .T. ) ;
#1185 = VECTOR ( 'NONE', #1919, 1000.000000000000000 ) ;
#1186 = DIRECTION ( 'NONE',  ( -0.000000000000000000, -0.000000000000000000, -1.000000000000000000 ) ) ;
#1187 = ORIENTED_EDGE ( 'NONE', *, *, #2319, .F. ) ;
#1188 = FACE_OUTER_BOUND ( 'NONE', #1852, .T. ) ;
#1189 = LINE ( 'NONE', #1149, #2791 ) ;
#1190 = DIRECTION ( 'NONE',  ( -0.000000000000000000, -0.000000000000000000, -1.000000000000000000 ) ) ;
#1191 = EDGE_CURVE ( 'NONE', #53, #2501, #2760, .T. ) ;
#1193 = ORIENTED_EDGE ( 'NONE', *, *, #1797, .F. ) ;
#1192 = ORIENTED_EDGE ( 'NONE', *, *, #1983, .F. ) ;
#1194 = EDGE_CURVE ( 'NONE', #623, #1024, #1344, .T. ) ;
#1195 = EDGE_CURVE ( 'NONE', #1363, #115, #2293, .T. ) ;
#1196 = DIRECTION ( 'NONE',  ( -0.000000000000000000, -0.000000000000000000, -1.000000000000000000 ) ) ;
#1197 = PLANE ( 'NONE',  #1134 ) ;
#1198 = AXIS2_PLACEMENT_3D ( 'NONE', #2831, #1666, #2159 ) ;
#1199 = ADVANCED_FACE ( 'NONE', ( #620 ), #154, .F. ) ;
#1200 = CARTESIAN_POINT ( 'NONE',  ( 0.7628078653091089345, 0.3562162680153466709, 0.7750000000000001332 ) ) ;
#1201 = LINE ( 'NONE', #2858, #2507 ) ;
#1202 = VECTOR ( 'NONE', #486, 1000.000000000000114 ) ;
#1203 = AXIS2_PLACEMENT_3D ( 'NONE', #3056, #2364, #5 ) ;
#1204 = EDGE_LOOP ( 'NONE', ( #2346, #2077, #2006, #1790 ) ) ;
#1205 = COLOUR_RGB ( '',1.000000000000000000, 1.000000000000000000, 1.000000000000000000 ) ;
#1206 = PRESENTATION_LAYER_ASSIGNMENT (  '', '', ( #953 ) ) ;
#1207 = ORIENTED_EDGE ( 'NONE', *, *, #1165, .F. ) ;
#1208 = CYLINDRICAL_SURFACE ( 'NONE', #2940, 0.2749999999999694911 ) ;
#1209 = ORIENTED_EDGE ( 'NONE', *, *, #1846, .F. ) ;
#1210 = ORIENTED_EDGE ( 'NONE', *, *, #768, .T. ) ;
#1211 = EDGE_CURVE ( 'NONE', #1019, #799, #2818, .T. ) ;
#1212 = DIRECTION ( 'NONE',  ( -0.000000000000000000, -0.000000000000000000, -1.000000000000000000 ) ) ;
#1213 = ORIENTED_EDGE ( 'NONE', *, *, #2046, .F. ) ;
#1214 = DIRECTION ( 'NONE',  ( 0.9659258262890682012, 0.2588190451025212391, 0.000000000000000000 ) ) ;
#1215 = VECTOR ( 'NONE', #2053, 1000.000000000000000 ) ;
#1216 = ORIENTED_EDGE ( 'NONE', *, *, #165, .F. ) ;
#1217 = LINE ( 'NONE', #2954, #695 ) ;
#1218 = CYLINDRICAL_SURFACE ( 'NONE', #1375, 0.1000000000000000472 ) ;
#1219 = CARTESIAN_POINT ( 'NONE',  ( -0.8275630370946016612, 0.8750000000000226485, -0.7749999999999999112 ) ) ;
#1220 = PLANE ( 'NONE',  #1002 ) ;
#1221 = ORIENTED_EDGE ( 'NONE', *, *, #1429, .F. ) ;
#1222 = CARTESIAN_POINT ( 'NONE',  ( -1.085978507810697158, 0.7809444605854741761, 1.125000000000000222 ) ) ;
#1223 = ORIENTED_EDGE ( 'NONE', *, *, #1848, .F. ) ;
#1224 = CARTESIAN_POINT ( 'NONE',  ( 0.7118759251295945223, 1.629474951308854003, 1.386875925129594123 ) ) ;
#1225 = ADVANCED_FACE ( 'NONE', ( #1384 ), #382, .F. ) ;
#1226 = DIRECTION ( 'NONE',  ( 0.000000000000000000, 0.000000000000000000, 1.000000000000000000 ) ) ;
#1227 = EDGE_CURVE ( 'NONE', #1597, #1911, #2627, .T. ) ;
#1228 = EDGE_LOOP ( 'NONE', ( #328, #228, #2656, #1918 ) ) ;
#1229 = CYLINDRICAL_SURFACE ( 'NONE', #1133, 0.2749999999999692690 ) ;
#1230 = ORIENTED_EDGE ( 'NONE', *, *, #916, .F. ) ;
#1231 = DIRECTION ( 'NONE',  ( -0.3420201433256693790, -0.9396926207859082059, -0.000000000000000000 ) ) ;
#1232 = VECTOR ( 'NONE', #2951, 1000.000000000000000 ) ;
#1233 = LINE ( 'NONE', #1929, #2633 ) ;
#1234 = FACE_OUTER_BOUND ( 'NONE', #15, .T. ) ;
#1235 = VERTEX_POINT ( 'NONE', #194 ) ;
#1236 = DIRECTION ( 'NONE',  ( -0.000000000000000000, -0.000000000000000000, -1.000000000000000000 ) ) ;
#1237 = ORIENTED_EDGE ( 'NONE', *, *, #2230, .T. ) ;
#1238 = EDGE_CURVE ( 'NONE', #1426, #2836, #947, .T. ) ;
#1239 = DIRECTION ( 'NONE',  ( -1.000000000000000000, 0.000000000000000000, 0.000000000000000000 ) ) ;
#1240 = AXIS2_PLACEMENT_3D ( 'NONE', #1635, #2397, #2162 ) ;
#1241 = FACE_OUTER_BOUND ( 'NONE', #625, .T. ) ;
#1242 = EDGE_CURVE ( 'NONE', #41, #2651, #2393, .T. ) ;
#1243 = CARTESIAN_POINT ( 'NONE',  ( 1.350000000000000089, 0.1690370196005579195, 0.7750000000000001332 ) ) ;
#1244 = EDGE_LOOP ( 'NONE', ( #892, #2766, #374, #2029, #1262, #3042, #561, #264, #776, #360, #2747, #1213, #1569, #3100 ) ) ;
#1245 = CYLINDRICAL_SURFACE ( 'NONE', #2851, 0.1499999999999998557 ) ;
#1246 = ORIENTED_EDGE ( 'NONE', *, *, #1227, .F. ) ;
#1247 = DIRECTION ( 'NONE',  ( -1.000000000000000000, 0.000000000000000000, 0.000000000000000000 ) ) ;
#1248 = DIRECTION ( 'NONE',  ( -0.000000000000000000, -0.000000000000000000, -1.000000000000000000 ) ) ;
#1249 = CIRCLE ( 'NONE', #2308, 0.1000000000000000472 ) ;
#1250 = VECTOR ( 'NONE', #567, 1000.000000000000000 ) ;
#1251 = EDGE_LOOP ( 'NONE', ( #122, #1620, #2442, #2984 ) ) ;
#1252 = VECTOR ( 'NONE', #2464, 999.9999999999998863 ) ;
#1253 = CARTESIAN_POINT ( 'NONE',  ( -0.7793923945929824848, 0.4502718074298952544, 1.125000000000000222 ) ) ;
#1254 = PLANE ( 'NONE',  #1040 ) ;
#1255 = ORIENTED_EDGE ( 'NONE', *, *, #1422, .F. ) ;
#1256 = CARTESIAN_POINT ( 'NONE',  ( 0.7355042507237807836, 1.449999999999999956, -1.450000000000000400 ) ) ;
#1257 = ADVANCED_FACE ( 'NONE', ( #502 ), #179, .T. ) ;
#1258 = DIRECTION ( 'NONE',  ( 0.2588190451025215166, -0.9659258262890680902, 0.000000000000000000 ) ) ;
#1259 = LINE ( 'NONE', #524, #90 ) ;
#1260 = ORIENTED_EDGE ( 'NONE', *, *, #2544, .T. ) ;
#1261 = ORIENTED_EDGE ( 'NONE', *, *, #3010, .T. ) ;
#1262 = ORIENTED_EDGE ( 'NONE', *, *, #499, .F. ) ;
#1263 = FACE_OUTER_BOUND ( 'NONE', #1777, .T. ) ;
#1264 = EDGE_CURVE ( 'NONE', #2390, #459, #722, .T. ) ;
#1265 = AXIS2_PLACEMENT_3D ( 'NONE', #2700, #1003, #2932 ) ;
#1266 = DIRECTION ( 'NONE',  ( 1.000000000000000000, 0.000000000000000000, -0.000000000000000000 ) ) ;
#1267 = PRESENTATION_STYLE_ASSIGNMENT (( #298 ) ) ;
#1268 = CIRCLE ( 'NONE', #3022, 0.2749999999999694911 ) ;
#1269 = ORIENTED_EDGE ( 'NONE', *, *, #1661, .F. ) ;
#1270 = DIRECTION ( 'NONE',  ( -0.000000000000000000, -0.000000000000000000, -1.000000000000000000 ) ) ;
#1271 = CARTESIAN_POINT ( 'NONE',  ( -1.037807865309078537, 0.3562162680153466709, -0.7749999999999999112 ) ) ;
#1272 = ORIENTED_EDGE ( 'NONE', *, *, #320, .F. ) ;
#1273 = DIRECTION ( 'NONE',  ( -1.000000000000000000, 0.000000000000000000, 0.000000000000000000 ) ) ;
#1274 = VERTEX_POINT ( 'NONE', #1680 ) ;
#1275 = VERTEX_POINT ( 'NONE', #244 ) ;
#1276 = DIRECTION ( 'NONE',  ( -1.000000000000000000, 1.031335166701062574E-14, 0.000000000000000000 ) ) ;
#1277 = ORIENTED_EDGE ( 'NONE', *, *, #2025, .F. ) ;
#1278 = SURFACE_STYLE_FILL_AREA ( #1492 ) ;
#1279 = CARTESIAN_POINT ( 'NONE',  ( -1.085978507810697380, 0.7809444605854740651, 1.125000000000000222 ) ) ;
#1280 = VECTOR ( 'NONE', #2295, 1000.000000000000000 ) ;
#1281 = MECHANICAL_DESIGN_GEOMETRIC_PRESENTATION_REPRESENTATION (  '', ( #889 ), #1673 ) ;
#1282 = VERTEX_POINT ( 'NONE', #937 ) ;
#1283 = CARTESIAN_POINT ( 'NONE',  ( -1.037807865309078537, 0.3562162680153466709, 0.7750000000000001332 ) ) ;
#1284 = CARTESIAN_POINT ( 'NONE',  ( 1.037807865309078537, 0.3562162680153466709, -1.125000000000000000 ) ) ;
#1285 = DIRECTION ( 'NONE',  ( -0.000000000000000000, -0.000000000000000000, -1.000000000000000000 ) ) ;
#1286 = CARTESIAN_POINT ( 'NONE',  ( -0.8275630370946016612, 0.9750000000000226263, 1.125000000000000222 ) ) ;
#1287 = VERTEX_POINT ( 'NONE', #2126 ) ;
#1288 = AXIS2_PLACEMENT_3D ( 'NONE', #301, #2249, #322 ) ;
#1289 = EDGE_CURVE ( 'NONE', #1363, #271, #1182, .T. ) ;
#1290 = VERTEX_POINT ( 'NONE', #3104 ) ;
#1291 = FACE_OUTER_BOUND ( 'NONE', #1087, .T. ) ;
#1292 = EDGE_LOOP ( 'NONE', ( #1554, #1627, #2186, #2398 ) ) ;
#1293 = FILL_AREA_STYLE_COLOUR ( '', #2751 ) ;
#1294 = EDGE_CURVE ( 'NONE', #1967, #1876, #1157, .T. ) ;
#1295 = CARTESIAN_POINT ( 'NONE',  ( 0.8275630370946016612, 1.149999999999991918, 1.125000000000000222 ) ) ;
#1296 = EDGE_CURVE ( 'NONE', #128, #2666, #706, .T. ) ;
#1297 = ORIENTED_EDGE ( 'NONE', *, *, #405, .T. ) ;
#1298 = CARTESIAN_POINT ( 'NONE',  ( 1.037807865309078537, 0.3562162680153466709, 0.7750000000000001332 ) ) ;
#1299 = DIRECTION ( 'NONE',  ( -1.000000000000000000, 0.000000000000000000, 0.000000000000000000 ) ) ;
#1300 = DIRECTION ( 'NONE',  ( -1.000000000000000000, 0.000000000000000000, 0.000000000000000000 ) ) ;
#1301 = VECTOR ( 'NONE', #744, 1000.000000000000000 ) ;
#1302 = AXIS2_PLACEMENT_3D ( 'NONE', #1022, #2934, #2433 ) ;
#1303 = LINE ( 'NONE', #610, #305 ) ;
#1304 = ORIENTED_EDGE ( 'NONE', *, *, #1046, .T. ) ;
#1305 = ADVANCED_FACE ( 'NONE', ( #691 ), #1450, .T. ) ;
#1306 = VERTEX_POINT ( 'NONE', #1200 ) ;
#1307 = ORIENTED_EDGE ( 'NONE', *, *, #1141, .T. ) ;
#1308 = CARTESIAN_POINT ( 'NONE',  ( 0.8275630370946016612, 1.149999999999991918, -0.7749999999999999112 ) ) ;
#1309 = DIRECTION ( 'NONE',  ( 1.000000000000000000, 0.000000000000000000, 0.000000000000000000 ) ) ;
#1310 = ORIENTED_EDGE ( 'NONE', *, *, #1651, .T. ) ;
#1311 = CYLINDRICAL_SURFACE ( 'NONE', #3031, 0.1000000000000000472 ) ;
#1312 = CARTESIAN_POINT ( 'NONE',  ( -0.8275630370946016612, 0.9750000000000226263, 0.1750000000000001277 ) ) ;
#1313 = CARTESIAN_POINT ( 'NONE',  ( -0.9666326279058929938, 0.09058666578588239759, 0.7750000000000001332 ) ) ;
#1314 = ADVANCED_FACE ( 'NONE', ( #2615 ), #677, .T. ) ;
#1315 = DIRECTION ( 'NONE',  ( -1.000000000000000000, 0.000000000000000000, 0.000000000000000000 ) ) ;
#1317 = VERTEX_POINT ( 'NONE', #2173 ) ;
#1316 = ORIENTED_EDGE ( 'NONE', *, *, #1113, .F. ) ;
#1318 = ORIENTED_EDGE ( 'NONE', *, *, #583, .F. ) ;
#1319 = CARTESIAN_POINT ( 'NONE',  ( 1.304706667107066842, 5.853375736277808971E-16, 0.7750000000000001332 ) ) ;
#1320 = ORIENTED_EDGE ( 'NONE', *, *, #460, .T. ) ;
#1321 = CARTESIAN_POINT ( 'NONE',  ( -0.8275630370946016612, 0.9750000000000226263, 0.1750000000000001277 ) ) ;
#1322 = FACE_OUTER_BOUND ( 'NONE', #2222, .T. ) ;
#1323 = LINE ( 'NONE', #2305, #1907 ) ;
#1324 = ORIENTED_EDGE ( 'NONE', *, *, #2782, .T. ) ;
#1325 = CARTESIAN_POINT ( 'NONE',  ( 0.8275630370946016612, 0.9750000000000226263, 1.125000000000000222 ) ) ;
#1326 = CARTESIAN_POINT ( 'NONE',  ( -0.4250000000000003220, 1.399999999999999911, -1.250000000000000222 ) ) ;
#1327 = FACE_OUTER_BOUND ( 'NONE', #2395, .T. ) ;
#1328 = EDGE_CURVE ( 'NONE', #2642, #2532, #3060, .T. ) ;
#1330 = CLOSED_SHELL ( 'NONE', ( #1776, #310, #2022, #1107, #740, #74, #2045, #1541, #1067, #3083, #3112, #1978, #2446, #34, #538, #816, #1138 ) ) ;
#1329 = LINE ( 'NONE', #2527, #2261 ) ;
#1332 = EDGE_LOOP ( 'NONE', ( #2064, #1522, #1008, #1809 ) ) ;
#1331 = ORIENTED_EDGE ( 'NONE', *, *, #2121, .T. ) ;
#1333 = VECTOR ( 'NONE', #2837, 1000.000000000000227 ) ;
#1334 = EDGE_CURVE ( 'NONE', #1355, #2283, #223, .T. ) ;
#1335 = ADVANCED_FACE ( 'NONE', ( #2380 ), #3086, .F. ) ;
#1336 = VERTEX_POINT ( 'NONE', #2830 ) ;
#1337 = DIRECTION ( 'NONE',  ( -0.9396926207859085389, 0.3420201433256686019, 0.000000000000000000 ) ) ;
#1338 = ORIENTED_EDGE ( 'NONE', *, *, #2825, .T. ) ;
#1339 = CARTESIAN_POINT ( 'NONE',  ( -0.7750000000000002442, 0.9750000000000227374, 0.1750000000000001277 ) ) ;
#1340 = EDGE_CURVE ( 'NONE', #255, #1306, #1914, .T. ) ;
#1341 = LINE ( 'NONE', #2304, #2707 ) ;
#1342 = ADVANCED_FACE ( 'NONE', ( #1698 ), #1665, .F. ) ;
#1343 = DIRECTION ( 'NONE',  ( 0.9659258262890680902, 0.2588190451025215166, -0.000000000000000000 ) ) ;
#1344 = LINE ( 'NONE', #1325, #2005 ) ;
#1345 = FACE_OUTER_BOUND ( 'NONE', #1204, .T. ) ;
#1346 = FACE_OUTER_BOUND ( 'NONE', #1724, .T. ) ;
#1348 = ORIENTED_EDGE ( 'NONE', *, *, #1565, .F. ) ;
#1347 = ORIENTED_EDGE ( 'NONE', *, *, #676, .F. ) ;
#1349 = VECTOR ( 'NONE', #1080, 1000.000000000000000 ) ;
#1350 = VECTOR ( 'NONE', #1632, 1000.000000000000000 ) ;
#1351 = VERTEX_POINT ( 'NONE', #1744 ) ;
#1352 = AXIS2_PLACEMENT_3D ( 'NONE', #3032, #1137, #2323 ) ;
#1353 = PLANE ( 'NONE',  #2919 ) ;
#1354 = MECHANICAL_DESIGN_GEOMETRIC_PRESENTATION_REPRESENTATION (  '', ( #953 ), #2956 ) ;
#1355 = VERTEX_POINT ( 'NONE', #2972 ) ;
#1356 = DIRECTION ( 'NONE',  ( -1.000000000000000000, -2.062670333402142502E-15, 0.000000000000000000 ) ) ;
#1357 = CARTESIAN_POINT ( 'NONE',  ( -0.7750000000000002442, 0.9750000000000227374, -1.450000000000000400 ) ) ;
#1358 = DIRECTION ( 'NONE',  ( 0.000000000000000000, 0.000000000000000000, -1.000000000000000000 ) ) ;
#1359 = CARTESIAN_POINT ( 'NONE',  ( -0.7793923945929824848, 0.4502718074298952544, 1.125000000000000222 ) ) ;
#1360 = CARTESIAN_POINT ( 'NONE',  ( -1.350000000000000089, 0.1690370196005573089, 0.1750000000000001277 ) ) ;
#1361 = CARTESIAN_POINT ( 'NONE',  ( 1.011925960798826463, 0.2596236853864398175, 0.7750000000000001332 ) ) ;
#1362 = VECTOR ( 'NONE', #2829, 1000.000000000000000 ) ;
#1364 = ORIENTED_EDGE ( 'NONE', *, *, #2782, .F. ) ;
#1363 = VERTEX_POINT ( 'NONE', #1047 ) ;
#1365 = EDGE_CURVE ( 'NONE', #1691, #115, #1965, .T. ) ;
#1366 = CARTESIAN_POINT ( 'NONE',  ( -0.7750000000000002442, 1.149999999999992140, 1.125000000000000222 ) ) ;
#1367 = ADVANCED_FACE ( 'NONE', ( #2259 ), #826, .T. ) ;
#1368 = VERTEX_POINT ( 'NONE', #1279 ) ;
#1369 = CARTESIAN_POINT ( 'NONE',  ( 0.8275630370946016612, 0.9750000000000226263, 1.125000000000000222 ) ) ;
#1370 = CARTESIAN_POINT ( 'NONE',  ( 0.7749999999999999112, 1.149999999999992584, -0.7749999999999999112 ) ) ;
#1371 = LINE ( 'NONE', #633, #2458 ) ;
#1372 = DIRECTION ( 'NONE',  ( -1.000000000000000000, 0.000000000000000000, 0.000000000000000000 ) ) ;
#1373 = DIRECTION ( 'NONE',  ( -0.2588190451025212946, 0.9659258262890682012, 0.000000000000000000 ) ) ;
#1374 = VERTEX_POINT ( 'NONE', #335 ) ;
#1375 = AXIS2_PLACEMENT_3D ( 'NONE', #1881, #1696, #453 ) ;
#1376 = DIRECTION ( 'NONE',  ( -1.000000000000000000, 0.000000000000000000, 0.000000000000000000 ) ) ;
#1377 = ORIENTED_EDGE ( 'NONE', *, *, #3090, .T. ) ;
#1378 = EDGE_CURVE ( 'NONE', #2466, #2532, #2000, .T. ) ;
#1379 = PLANE ( 'NONE',  #1203 ) ;
#1380 = AXIS2_PLACEMENT_3D ( 'NONE', #2115, #1872, #2846 ) ;
#1381 = DIRECTION ( 'NONE',  ( 0.9659258262890685343, -0.2588190451025200733, 0.000000000000000000 ) ) ;
#1382 = LINE ( 'NONE', #675, #1656 ) ;
#1383 = ADVANCED_FACE ( 'NONE', ( #2926 ), #1526, .T. ) ;
#1384 = FACE_OUTER_BOUND ( 'NONE', #998, .T. ) ;
#1385 = FACE_OUTER_BOUND ( 'NONE', #1228, .T. ) ;
#1386 = ORIENTED_EDGE ( 'NONE', *, *, #772, .T. ) ;
#1387 = LINE ( 'NONE', #2650, #2192 ) ;
#1388 = CARTESIAN_POINT ( 'NONE',  ( -0.8275630370946016612, 1.149999999999992140, -1.125000000000000000 ) ) ;
#1389 = VECTOR ( 'NONE', #515, 1000.000000000000000 ) ;
#1390 = EDGE_CURVE ( 'NONE', #1925, #2128, #1514, .T. ) ;
#1391 = DIRECTION ( 'NONE',  ( -1.000000000000000000, 0.000000000000000000, 0.000000000000000000 ) ) ;
#1392 = ORIENTED_EDGE ( 'NONE', *, *, #575, .F. ) ;
#1393 = AXIS2_PLACEMENT_3D ( 'NONE', #209, #1884, #1619 ) ;
#1394 = VECTOR ( 'NONE', #1413, 1000.000000000000000 ) ;
#1395 = AXIS2_PLACEMENT_3D ( 'NONE', #2521, #603, #1309 ) ;
#1396 = DIRECTION ( 'NONE',  ( -1.000000000000000000, 0.000000000000000000, 0.000000000000000000 ) ) ;
#1397 = CIRCLE ( 'NONE', #2853, 0.2749999999999692690 ) ;
#1398 = DIRECTION ( 'NONE',  ( 1.000000000000000000, 0.000000000000000000, 0.000000000000000000 ) ) ;
#1399 = PRODUCT_DEFINITION ( 'UNKNOWN', '', #1549, #2838 ) ;
#1400 = CARTESIAN_POINT ( 'NONE',  ( 0.7749999999999999112, 0.9750000000000231815, 0.7750000000000001332 ) ) ;
#1401 = DIRECTION ( 'NONE',  ( -2.062670333402142502E-15, 1.000000000000000000, 0.000000000000000000 ) ) ;
#1402 = DIRECTION ( 'NONE',  ( -0.000000000000000000, -0.000000000000000000, -1.000000000000000000 ) ) ;
#1403 = ORIENTED_EDGE ( 'NONE', *, *, #1334, .F. ) ;
#1404 = CARTESIAN_POINT ( 'NONE',  ( 0.7793923945929824848, 0.4502718074298952544, 1.125000000000000222 ) ) ;
#1405 = ORIENTED_EDGE ( 'NONE', *, *, #1890, .T. ) ;
#1406 = PLANE ( 'NONE',  #1657 ) ;
#1407 = AXIS2_PLACEMENT_3D ( 'NONE', #777, #2470, #521 ) ;
#1408 = DIRECTION ( 'NONE',  ( 0.000000000000000000, 0.000000000000000000, 1.000000000000000000 ) ) ;
#1409 = CIRCLE ( 'NONE', #1015, 0.1499999999999998557 ) ;
#1410 = DIRECTION ( 'NONE',  ( 0.000000000000000000, 1.000000000000000000, 0.000000000000000000 ) ) ;
#1411 = DIRECTION ( 'NONE',  ( -0.9396926207859082059, -0.3420201433256693235, 0.000000000000000000 ) ) ;
#1412 = CYLINDRICAL_SURFACE ( 'NONE', #721, 0.09999999999999993616 ) ;
#1413 = DIRECTION ( 'NONE',  ( -0.000000000000000000, -0.000000000000000000, -1.000000000000000000 ) ) ;
#1414 = CYLINDRICAL_SURFACE ( 'NONE', #1053, 0.09999999999999993616 ) ;
#1415 = ORIENTED_EDGE ( 'NONE', *, *, #831, .T. ) ;
#1416 = CARTESIAN_POINT ( 'NONE',  ( -0.7750000000000002442, 0.9750000000000227374, 1.125000000000000222 ) ) ;
#1417 = VERTEX_POINT ( 'NONE', #2478 ) ;
#1418 = VERTEX_POINT ( 'NONE', #1295 ) ;
#1419 = EDGE_CURVE ( 'NONE', #1823, #989, #36, .T. ) ;
#1420 = EDGE_CURVE ( 'NONE', #2703, #767, #2725, .T. ) ;
#1421 = DIRECTION ( 'NONE',  ( -0.2588190451025212946, 0.9659258262890682012, 0.000000000000000000 ) ) ;
#1422 = EDGE_CURVE ( 'NONE', #220, #886, #75, .T. ) ;
#1423 = AXIS2_PLACEMENT_3D ( 'NONE', #293, #2201, #1741 ) ;
#1424 = EDGE_CURVE ( 'NONE', #3014, #1475, #809, .T. ) ;
#1425 = DIRECTION ( 'NONE',  ( -0.000000000000000000, -1.000000000000000000, -0.000000000000000000 ) ) ;
#1427 = ORIENTED_EDGE ( 'NONE', *, *, #2217, .T. ) ;
#1426 = VERTEX_POINT ( 'NONE', #582 ) ;
#1428 = CIRCLE ( 'NONE', #2688, 0.2749999999999694911 ) ;
#1429 = EDGE_CURVE ( 'NONE', #2291, #255, #2606, .T. ) ;
#1430 = FILL_AREA_STYLE_COLOUR ( '', #1528 ) ;
#1431 = DIRECTION ( 'NONE',  ( -1.000000000000000000, 0.000000000000000000, 0.000000000000000000 ) ) ;
#1432 = CARTESIAN_POINT ( 'NONE',  ( 1.011925960798826463, 0.2596236853864398175, -0.7749999999999999112 ) ) ;
#1433 = ADVANCED_FACE ( 'NONE', ( #1234 ), #2676, .F. ) ;
#1434 = ORIENTED_EDGE ( 'NONE', *, *, #2551, .T. ) ;
#1435 = CIRCLE ( 'NONE', #1788, 0.2749999999999694911 ) ;
#1436 = ORIENTED_EDGE ( 'NONE', *, *, #1854, .F. ) ;
#1437 = CARTESIAN_POINT ( 'NONE',  ( -0.9275630370946015280, 0.8750000000000226485, 1.125000000000000222 ) ) ;
#1438 = ORIENTED_EDGE ( 'NONE', *, *, #1661, .T. ) ;
#1439 = EDGE_LOOP ( 'NONE', ( #2873, #1989, #1041, #2591 ) ) ;
#1440 = DIRECTION ( 'NONE',  ( 0.000000000000000000, 1.000000000000000000, 0.000000000000000000 ) ) ;
#1441 = VERTEX_POINT ( 'NONE', #2693 ) ;
#1442 = CARTESIAN_POINT ( 'NONE',  ( 0.7749999999999999112, 0.9750000000000231815, -0.7749999999999999112 ) ) ;
#1444 = ORIENTED_EDGE ( 'NONE', *, *, #3033, .T. ) ;
#1443 = EDGE_LOOP ( 'NONE', ( #1903, #2946, #2950, #498, #1392, #1793, #1007, #2712, #915, #1711, #102, #294, #2847, #1888 ) ) ;
#1445 = LINE ( 'NONE', #1142, #2709 ) ;
#1446 = DIRECTION ( 'NONE',  ( -1.000000000000000000, 0.000000000000000000, 0.000000000000000000 ) ) ;
#1447 = AXIS2_PLACEMENT_3D ( 'NONE', #1145, #2628, #921 ) ;
#1448 = EDGE_CURVE ( 'NONE', #900, #1684, #1949, .T. ) ;
#1449 = VECTOR ( 'NONE', #510, 1000.000000000000000 ) ;
#1450 = CYLINDRICAL_SURFACE ( 'NONE', #1151, 0.2749999999999692690 ) ;
#1451 = FILL_AREA_STYLE_COLOUR ( '', #1205 ) ;
#1452 = ORIENTED_EDGE ( 'NONE', *, *, #2485, .T. ) ;
#1453 = LINE ( 'NONE', #2415, #2795 ) ;
#1454 = EDGE_LOOP ( 'NONE', ( #562, #188, #2979, #1039 ) ) ;
#1455 = ORIENTED_EDGE ( 'NONE', *, *, #549, .F. ) ;
#1456 = PLANE ( 'NONE',  #1731 ) ;
#1457 = EDGE_CURVE ( 'NONE', #2670, #1336, #1715, .T. ) ;
#1458 = EDGE_CURVE ( 'NONE', #2216, #2212, #2205, .T. ) ;
#1459 = ORIENTED_EDGE ( 'NONE', *, *, #148, .F. ) ;
#1460 = CARTESIAN_POINT ( 'NONE',  ( -0.9275630370946015280, 0.8750000000000226485, 0.1750000000000001277 ) ) ;
#1461 = ORIENTED_EDGE ( 'NONE', *, *, #114, .F. ) ;
#1462 = LINE ( 'NONE', #295, #1490 ) ;
#1463 = DIRECTION ( 'NONE',  ( 0.9659258262890682012, 0.2588190451025212391, 0.000000000000000000 ) ) ;
#1464 = DIRECTION ( 'NONE',  ( -0.2588190451025215166, 0.9659258262890680902, 0.000000000000000000 ) ) ;
#1465 = DIRECTION ( 'NONE',  ( 0.000000000000000000, 0.000000000000000000, 1.000000000000000000 ) ) ;
#1466 = ADVANCED_FACE ( 'NONE', ( #2208 ), #43, .F. ) ;
#1467 = ORIENTED_EDGE ( 'NONE', *, *, #2, .T. ) ;
#1468 = DIRECTION ( 'NONE',  ( -1.000000000000000000, 0.000000000000000000, 0.000000000000000000 ) ) ;
#1469 = ORIENTED_EDGE ( 'NONE', *, *, #476, .F. ) ;
#1470 = CYLINDRICAL_SURFACE ( 'NONE', #2246, 0.2749999999999692690 ) ;
#1471 = DIRECTION ( 'NONE',  ( 0.9396926207859082059, -0.3420201433256693235, 0.000000000000000000 ) ) ;
#1472 = DIRECTION ( 'NONE',  ( 0.000000000000000000, 0.000000000000000000, -1.000000000000000000 ) ) ;
#1473 = VERTEX_POINT ( 'NONE', #1029 ) ;
#1474 = LINE ( 'NONE', #1460, #2092 ) ;
#1475 = VERTEX_POINT ( 'NONE', #351 ) ;
#1476 = CARTESIAN_POINT ( 'NONE',  ( 0.9438386032304877382, 0.3904182823479135922, 1.125000000000000222 ) ) ;
#1477 = DIRECTION ( 'NONE',  ( 0.3420201433256686019, -0.9396926207859084279, 0.000000000000000000 ) ) ;
#1478 = CARTESIAN_POINT ( 'NONE',  ( -0.9275630370946015280, 0.8750000000000226485, -0.7749999999999999112 ) ) ;
#1479 = ADVANCED_FACE ( 'NONE', ( #2071 ), #2552, .F. ) ;
#1480 = EDGE_CURVE ( 'NONE', #2722, #857, #2815, .T. ) ;
#1481 = ORIENTED_EDGE ( 'NONE', *, *, #426, .F. ) ;
#1482 = FACE_OUTER_BOUND ( 'NONE', #343, .T. ) ;
#1483 = LINE ( 'NONE', #505, #333 ) ;
#1484 = VERTEX_POINT ( 'NONE', #2289 ) ;
#1485 = FACE_OUTER_BOUND ( 'NONE', #1716, .T. ) ;
#1486 =( NAMED_UNIT ( * ) SI_UNIT ( $, .STERADIAN. ) SOLID_ANGLE_UNIT ( ) );
#1487 = CARTESIAN_POINT ( 'NONE',  ( 1.304706667107066842, 5.853375736277808971E-16, 0.7750000000000001332 ) ) ;
#1488 = ORIENTED_EDGE ( 'NONE', *, *, #2358, .T. ) ;
#1489 = ORIENTED_EDGE ( 'NONE', *, *, #1424, .T. ) ;
#1490 = VECTOR ( 'NONE', #514, 1000.000000000000000 ) ;
#1491 = CARTESIAN_POINT ( 'NONE',  ( -0.8275630370946016612, 0.8750000000000226485, -0.1749999999999999056 ) ) ;
#1492 = FILL_AREA_STYLE ('',( #1293 ) ) ;
#1493 = VECTOR ( 'NONE', #1089, 1000.000000000000227 ) ;
#1494 = DIRECTION ( 'NONE',  ( -1.000000000000000000, 0.000000000000000000, 0.000000000000000000 ) ) ;
#1495 = SURFACE_STYLE_FILL_AREA ( #2927 ) ;
#1496 = AXIS2_PLACEMENT_3D ( 'NONE', #1902, #3061, #678 ) ;
#1497 = AXIS2_PLACEMENT_3D ( 'NONE', #3024, #2038, #2803 ) ;
#1498 = VERTEX_POINT ( 'NONE', #1357 ) ;
#1499 = VECTOR ( 'NONE', #1853, 1000.000000000000000 ) ;
#1500 = CARTESIAN_POINT ( 'NONE',  ( -0.8275630370946016612, 0.8750000000000226485, 0.1750000000000001277 ) ) ;
#1501 = CARTESIAN_POINT ( 'NONE',  ( -0.8275630370946016612, 1.149999999999992140, 0.1750000000000001277 ) ) ;
#1502 = EDGE_LOOP ( 'NONE', ( #762, #1272, #1974, #2528 ) ) ;
#1503 = PRESENTATION_LAYER_ASSIGNMENT (  '', '', ( #802 ) ) ;
#1504 = PLANE ( 'NONE',  #1407 ) ;
#1505 = AXIS2_PLACEMENT_3D ( 'NONE', #2594, #434, #1398 ) ;
#1506 = DIRECTION ( 'NONE',  ( 0.3420201433256693235, 0.9396926207859082059, 0.000000000000000000 ) ) ;
#1507 = DIRECTION ( 'NONE',  ( -0.000000000000000000, 0.000000000000000000, -1.000000000000000000 ) ) ;
#1508 = VERTEX_POINT ( 'NONE', #630 ) ;
#1509 = ORIENTED_EDGE ( 'NONE', *, *, #2013, .T. ) ;
#1510 = CARTESIAN_POINT ( 'NONE',  ( -0.7793923945929824848, 0.4502718074298951989, -0.7749999999999999112 ) ) ;
#1511 = DIRECTION ( 'NONE',  ( 0.000000000000000000, 0.1305261922200485480, 0.9914448613738108262 ) ) ;
#1512 = FACE_OUTER_BOUND ( 'NONE', #1529, .T. ) ;
#1513 = CIRCLE ( 'NONE', #2474, 0.2749999999999692690 ) ;
#1514 = LINE ( 'NONE', #2957, #1944 ) ;
#1515 = ORIENTED_EDGE ( 'NONE', *, *, #1264, .T. ) ;
#1516 = CARTESIAN_POINT ( 'NONE',  ( 1.037807865309078537, 0.3562162680153466709, 1.125000000000000222 ) ) ;
#1517 = DIRECTION ( 'NONE',  ( -1.000000000000000000, 0.000000000000000000, 0.000000000000000000 ) ) ;
#1518 = FACE_OUTER_BOUND ( 'NONE', #2161, .T. ) ;
#1519 = ORIENTED_EDGE ( 'NONE', *, *, #2449, .F. ) ;
#1520 = EDGE_CURVE ( 'NONE', #750, #1911, #3021, .T. ) ;
#1521 = EDGE_CURVE ( 'NONE', #2291, #1417, #2051, .T. ) ;
#1522 = ORIENTED_EDGE ( 'NONE', *, *, #2091, .F. ) ;
#1523 = DIRECTION ( 'NONE',  ( 0.2588190451025215166, -0.9659258262890680902, 0.000000000000000000 ) ) ;
#1524 = ORIENTED_EDGE ( 'NONE', *, *, #309, .F. ) ;
#1525 = DIRECTION ( 'NONE',  ( -0.000000000000000000, -0.000000000000000000, -1.000000000000000000 ) ) ;
#1526 = CYLINDRICAL_SURFACE ( 'NONE', #593, 0.1499999999999998557 ) ;
#1527 =( NAMED_UNIT ( * ) PLANE_ANGLE_UNIT ( ) SI_UNIT ( $, .RADIAN. ) );
#1528 = COLOUR_RGB ( '',0.7921568627450980005, 0.8196078431372548767, 0.9333333333333333481 ) ;
#1529 = EDGE_LOOP ( 'NONE', ( #1489, #1059, #1187, #1098 ) ) ;
#1530 = ADVANCED_FACE ( 'NONE', ( #152 ), #894, .T. ) ;
#1531 = DIRECTION ( 'NONE',  ( 0.3420201433256693235, -0.9396926207859082059, 0.000000000000000000 ) ) ;
#1532 = CYLINDRICAL_SURFACE ( 'NONE', #392, 0.2749999999999694911 ) ;
#1533 = DIRECTION ( 'NONE',  ( -0.000000000000000000, -1.000000000000000000, -0.000000000000000000 ) ) ;
#1534 = ORIENTED_EDGE ( 'NONE', *, *, #688, .T. ) ;
#1535 = CIRCLE ( 'NONE', #2339, 0.2749999999999692690 ) ;
#1536 = VECTOR ( 'NONE', #923, 1000.000000000000114 ) ;
#1537 = VERTEX_POINT ( 'NONE', #1558 ) ;
#1538 = ORIENTED_EDGE ( 'NONE', *, *, #2963, .T. ) ;
#1539 = DIRECTION ( 'NONE',  ( 1.031335166701062574E-14, 1.000000000000000000, -0.000000000000000000 ) ) ;
#1540 = CARTESIAN_POINT ( 'NONE',  ( -0.8275630370946016612, 0.8750000000000226485, -0.7749999999999999112 ) ) ;
#1541 = ADVANCED_FACE ( 'NONE', ( #2503 ), #1828, .T. ) ;
#1542 = EDGE_LOOP ( 'NONE', ( #87, #359, #2363, #2543 ) ) ;
#1543 = DIRECTION ( 'NONE',  ( -0.3420201433256693790, 0.9396926207859082059, 0.000000000000000000 ) ) ;
#1544 = CARTESIAN_POINT ( 'NONE',  ( -0.8275630370946016612, 0.8750000000000226485, -0.1749999999999999056 ) ) ;
#1545 = AXIS2_PLACEMENT_3D ( 'NONE', #756, #2493, #317 ) ;
#1546 = VECTOR ( 'NONE', #1575, 1000.000000000000000 ) ;
#1547 = DIRECTION ( 'NONE',  ( 1.000000000000000000, 0.000000000000000000, 0.000000000000000000 ) ) ;
#1548 = VECTOR ( 'NONE', #1236, 1000.000000000000000 ) ;
#1549 = PRODUCT_DEFINITION_FORMATION_WITH_SPECIFIED_SOURCE ( 'ANY', '', #2612, .NOT_KNOWN. ) ;
#1550 = CIRCLE ( 'NONE', #1302, 0.2749999999999694911 ) ;
#1551 = DIRECTION ( 'NONE',  ( -0.000000000000000000, -0.000000000000000000, -1.000000000000000000 ) ) ;
#1553 = ORIENTED_EDGE ( 'NONE', *, *, #2597, .T. ) ;
#1552 = ORIENTED_EDGE ( 'NONE', *, *, #1815, .F. ) ;
#1554 = ORIENTED_EDGE ( 'NONE', *, *, #238, .F. ) ;
#1555 = DIRECTION ( 'NONE',  ( 1.000000000000000000, -1.031335166701062574E-14, -0.000000000000000000 ) ) ;
#1556 = ORIENTED_EDGE ( 'NONE', *, *, #119, .T. ) ;
#1557 = LINE ( 'NONE', #363, #2568 ) ;
#1558 = CARTESIAN_POINT ( 'NONE',  ( 0.9378078653090784478, 0.3562162680153466709, -0.7749999999999999112 ) ) ;
#1559 = EDGE_CURVE ( 'NONE', #1060, #767, #2272, .T. ) ;
#1560 = AXIS2_PLACEMENT_3D ( 'NONE', #1889, #230, #683 ) ;
#1561 = ORIENTED_EDGE ( 'NONE', *, *, #2013, .F. ) ;
#1562 = CARTESIAN_POINT ( 'NONE',  ( 1.037807865309078537, 0.3562162680153466709, -1.125000000000000000 ) ) ;
#1563 = DIRECTION ( 'NONE',  ( 1.000000000000000000, 0.000000000000000000, 0.000000000000000000 ) ) ;
#1564 = AXIS2_PLACEMENT_3D ( 'NONE', #3029, #657, #626 ) ;
#1565 = EDGE_CURVE ( 'NONE', #1585, #1684, #2534, .T. ) ;
#1566 = DIRECTION ( 'NONE',  ( 0.000000000000000000, 1.000000000000000000, 0.000000000000000000 ) ) ;
#1567 = CARTESIAN_POINT ( 'NONE',  ( -0.8275630370946016612, 1.149999999999992140, -0.7749999999999999112 ) ) ;
#1569 = ORIENTED_EDGE ( 'NONE', *, *, #1211, .F. ) ;
#1568 = EDGE_LOOP ( 'NONE', ( #1824, #1318, #2519, #2015 ) ) ;
#1570 = ADVANCED_FACE ( 'NONE', ( #120 ), #1604, .F. ) ;
#1571 = VERTEX_POINT ( 'NONE', #904 ) ;
#1572 = CYLINDRICAL_SURFACE ( 'NONE', #1564, 0.09999999999999993616 ) ;
#1573 = ORIENTED_EDGE ( 'NONE', *, *, #2378, .T. ) ;
#1574 = LINE ( 'NONE', #390, #1493 ) ;
#1575 = DIRECTION ( 'NONE',  ( 1.000000000000000000, -1.031335166701062574E-14, -0.000000000000000000 ) ) ;
#1576 = DIRECTION ( 'NONE',  ( -8.250681333608500589E-15, -1.000000000000000000, 0.000000000000000000 ) ) ;
#1577 = DIRECTION ( 'NONE',  ( -0.1294283079955604598, -0.9831056027603609637, 0.1294283079955604598 ) ) ;
#1578 = CARTESIAN_POINT ( 'NONE',  ( 0.7749999999999999112, 0.9750000000000231815, 0.7750000000000001332 ) ) ;
#1579 = EDGE_CURVE ( 'NONE', #1317, #2089, #743, .T. ) ;
#1580 = DIRECTION ( 'NONE',  ( 0.000000000000000000, 1.000000000000000000, 0.000000000000000000 ) ) ;
#1581 = CLOSED_SHELL ( 'NONE', ( #2648, #1990, #883, #1479, #2504, #1844, #2575, #1570, #550, #1225, #167, #1659, #2899, #617, #86, #3082 ) ) ;
#1583 = VERTEX_POINT ( 'NONE', #2035 ) ;
#1582 = ORIENTED_EDGE ( 'NONE', *, *, #2341, .F. ) ;
#1584 = VECTOR ( 'NONE', #1671, 1000.000000000000227 ) ;
#1585 = VERTEX_POINT ( 'NONE', #644 ) ;
#1586 = DIRECTION ( 'NONE',  ( 0.9659258262890682012, 0.2588190451025212391, 0.000000000000000000 ) ) ;
#1587 = AXIS2_PLACEMENT_3D ( 'NONE', #280, #12, #2698 ) ;
#1588 = ORIENTED_EDGE ( 'NONE', *, *, #1328, .T. ) ;
#1589 = CARTESIAN_POINT ( 'NONE',  ( -1.102563037094570930, 0.8750000000000226485, -0.1749999999999999056 ) ) ;
#1590 = UNCERTAINTY_MEASURE_WITH_UNIT (LENGTH_MEASURE( 1.000000000000000082E-05 ), #2191, 'distance_accuracy_value', 'NONE');
#1591 = LINE ( 'NONE', #1369, #1546 ) ;
#1592 = LINE ( 'NONE', #1829, #1609 ) ;
#1593 = LINE ( 'NONE', #897, #2359 ) ;
#1594 = DIRECTION ( 'NONE',  ( 0.3420201433256686019, 0.9396926207859084279, -0.000000000000000000 ) ) ;
#1595 = EDGE_CURVE ( 'NONE', #525, #623, #1591, .T. ) ;
#1596 = DIRECTION ( 'NONE',  ( -8.250681333608500589E-15, -1.000000000000000000, 0.000000000000000000 ) ) ;
#1598 = ORIENTED_EDGE ( 'NONE', *, *, #1890, .F. ) ;
#1597 = VERTEX_POINT ( 'NONE', #1077 ) ;
#1599 = VECTOR ( 'NONE', #2681, 1000.000000000000227 ) ;
#1600 = AXIS2_PLACEMENT_3D ( 'NONE', #437, #1401, #2020 ) ;
#1601 = VECTOR ( 'NONE', #1877, 1000.000000000000000 ) ;
#1602 = FACE_OUTER_BOUND ( 'NONE', #2080, .T. ) ;
#1603 = EDGE_LOOP ( 'NONE', ( #2835, #1787, #2738, #2924 ) ) ;
#1604 = CYLINDRICAL_SURFACE ( 'NONE', #1945, 0.1000000000000000472 ) ;
#1605 = CARTESIAN_POINT ( 'NONE',  ( -1.350000000000000089, 0.1690370196005573089, 1.125000000000000222 ) ) ;
#1606 = CARTESIAN_POINT ( 'NONE',  ( -0.4250000000000003220, 1.399999999999999911, -1.100000000000000311 ) ) ;
#1607 = FACE_OUTER_BOUND ( 'NONE', #2786, .T. ) ;
#1608 = CARTESIAN_POINT ( 'NONE',  ( -0.4250000000000003220, 1.399999999999999911, -0.9500000000000003997 ) ) ;
#1609 = VECTOR ( 'NONE', #3007, 1000.000000000000000 ) ;
#1610 = ORIENTED_EDGE ( 'NONE', *, *, #98, .T. ) ;
#1611 = EDGE_CURVE ( 'NONE', #3051, #795, #2566, .T. ) ;
#1612 = LINE ( 'NONE', #1073, #193 ) ;
#1613 = VERTEX_POINT ( 'NONE', #408 ) ;
#1614 = ADVANCED_FACE ( 'NONE', ( #1322 ), #163, .T. ) ;
#1615 = CARTESIAN_POINT ( 'NONE',  ( -0.7750000000000002442, 1.149999999999992140, 1.125000000000000222 ) ) ;
#1616 = FILL_AREA_STYLE ('',( #1068 ) ) ;
#1617 = DIRECTION ( 'NONE',  ( 1.000000000000000000, -8.250681333608500589E-15, 0.000000000000000000 ) ) ;
#1618 = DIRECTION ( 'NONE',  ( 0.9659258262890685343, -0.2588190451025196293, -0.000000000000000000 ) ) ;
#1619 = DIRECTION ( 'NONE',  ( -1.000000000000000000, 0.000000000000000000, 0.000000000000000000 ) ) ;
#1620 = ORIENTED_EDGE ( 'NONE', *, *, #988, .F. ) ;
#1621 = APPLICATION_CONTEXT ( 'automotive_design' ) ;
#1622 = EDGE_CURVE ( 'NONE', #1585, #1235, #801, .T. ) ;
#1623 = FACE_OUTER_BOUND ( 'NONE', #2515, .T. ) ;
#1624 = DIRECTION ( 'NONE',  ( -1.000000000000000000, 0.000000000000000000, 0.000000000000000000 ) ) ;
#1625 = AXIS2_PLACEMENT_3D ( 'NONE', #2714, #2512, #2573 ) ;
#1626 = CARTESIAN_POINT ( 'NONE',  ( -0.8275630370946016612, 0.8750000000000226485, 0.1750000000000001277 ) ) ;
#1627 = ORIENTED_EDGE ( 'NONE', *, *, #2695, .F. ) ;
#1628 = LINE ( 'NONE', #240, #1152 ) ;
#1629 = CIRCLE ( 'NONE', #1288, 0.1499999999999998557 ) ;
#1630 = DIRECTION ( 'NONE',  ( -0.000000000000000000, -0.000000000000000000, -1.000000000000000000 ) ) ;
#1631 = CARTESIAN_POINT ( 'NONE',  ( -0.4250000000000003220, 1.449999999999999956, -0.9500000000000003997 ) ) ;
#1632 = DIRECTION ( 'NONE',  ( -0.000000000000000000, -0.000000000000000000, -1.000000000000000000 ) ) ;
#1633 = DIRECTION ( 'NONE',  ( -0.000000000000000000, 0.000000000000000000, -1.000000000000000000 ) ) ;
#1634 = ORIENTED_EDGE ( 'NONE', *, *, #2551, .F. ) ;
#1635 = CARTESIAN_POINT ( 'NONE',  ( -1.037807865309078537, 0.3562162680153466709, -1.125000000000000000 ) ) ;
#1636 = ORIENTED_EDGE ( 'NONE', *, *, #1429, .T. ) ;
#1637 = CARTESIAN_POINT ( 'NONE',  ( -1.085978507810697380, 0.7809444605854740651, 0.1750000000000001277 ) ) ;
#1638 = DIRECTION ( 'NONE',  ( -0.000000000000000000, -0.000000000000000000, -1.000000000000000000 ) ) ;
#1639 = AXIS2_PLACEMENT_3D ( 'NONE', #1745, #503, #1465 ) ;
#1640 = AXIS2_PLACEMENT_3D ( 'NONE', #2425, #259, #1494 ) ;
#1641 = VECTOR ( 'NONE', #1214, 999.9999999999998863 ) ;
#1642 = DIRECTION ( 'NONE',  ( 1.000000000000000000, 0.000000000000000000, 0.000000000000000000 ) ) ;
#1643 = AXIS2_PLACEMENT_3D ( 'NONE', #1722, #1258, #2214 ) ;
#1644 = VECTOR ( 'NONE', #945, 1000.000000000000000 ) ;
#1645 = CARTESIAN_POINT ( 'NONE',  ( 0.9215322991731923485, 0.8407979856674557828, -0.7749999999999999112 ) ) ;
#1646 = LINE ( 'NONE', #2157, #2883 ) ;
#1647 = CARTESIAN_POINT ( 'NONE',  ( -0.8275630370946016612, 0.8750000000000226485, -0.7749999999999999112 ) ) ;
#1648 = FACE_OUTER_BOUND ( 'NONE', #2049, .T. ) ;
#1649 = ORIENTED_EDGE ( 'NONE', *, *, #313, .F. ) ;
#1650 = EDGE_CURVE ( 'NONE', #1537, #62, #1341, .T. ) ;
#1651 = EDGE_CURVE ( 'NONE', #4, #2237, #1926, .T. ) ;
#1652 = LINE ( 'NONE', #1416, #2887 ) ;
#1653 = ORIENTED_EDGE ( 'NONE', *, *, #1175, .F. ) ;
#1654 = FACE_BOUND ( 'NONE', #225, .T. ) ;
#1655 = EDGE_CURVE ( 'NONE', #2047, #1585, #2137, .T. ) ;
#1656 = VECTOR ( 'NONE', #1114, 1000.000000000000114 ) ;
#1657 = AXIS2_PLACEMENT_3D ( 'NONE', #2848, #2385, #1874 ) ;
#1658 = LINE ( 'NONE', #2622, #1584 ) ;
#1659 = ADVANCED_FACE ( 'NONE', ( #2826 ), #944, .T. ) ;
#1660 = AXIS2_PLACEMENT_3D ( 'NONE', #2344, #149, #2032 ) ;
#1661 = EDGE_CURVE ( 'NONE', #2212, #941, #649, .T. ) ;
#1662 = CARTESIAN_POINT ( 'NONE',  ( 1.011925960798826463, 0.2596236853864398175, 0.7750000000000001332 ) ) ;
#1663 = DIRECTION ( 'NONE',  ( 0.3420201433256693235, -0.9396926207859082059, 0.000000000000000000 ) ) ;
#1664 = CARTESIAN_POINT ( 'NONE',  ( -0.6552235883066683808, 0.06520782827291253525, 1.330223588306667537 ) ) ;
#1665 = PLANE ( 'NONE',  #1600 ) ;
#1666 = DIRECTION ( 'NONE',  ( -0.000000000000000000, -0.000000000000000000, -1.000000000000000000 ) ) ;
#1667 = ORIENTED_EDGE ( 'NONE', *, *, #3057, .T. ) ;
#1668 = DIRECTION ( 'NONE',  ( 1.000000000000000000, 0.000000000000000000, 0.000000000000000000 ) ) ;
#1669 = ORIENTED_EDGE ( 'NONE', *, *, #3020, .F. ) ;
#1670 = PLANE ( 'NONE',  #2218 ) ;
#1671 = DIRECTION ( 'NONE',  ( -0.9659258262890680902, -0.2588190451025215721, 0.000000000000000000 ) ) ;
#1672 = VECTOR ( 'NONE', #2008, 1000.000000000000000 ) ;
#1673 =( GEOMETRIC_REPRESENTATION_CONTEXT ( 3 ) GLOBAL_UNCERTAINTY_ASSIGNED_CONTEXT ( ( #3 ) ) GLOBAL_UNIT_ASSIGNED_CONTEXT ( ( #3084, #467, #2955 ) ) REPRESENTATION_CONTEXT ( 'NONE', 'WORKASPACE' ) );
#1674 = EDGE_LOOP ( 'NONE', ( #2256, #520, #667, #1320 ) ) ;
#1675 = DIRECTION ( 'NONE',  ( -0.000000000000000000, -0.000000000000000000, -1.000000000000000000 ) ) ;
#1677 = EDGE_LOOP ( 'NONE', ( #2384, #2749, #591, #1702 ) ) ;
#1676 = ORIENTED_EDGE ( 'NONE', *, *, #780, .T. ) ;
#1678 = LINE ( 'NONE', #2816, #1644 ) ;
#1679 = CARTESIAN_POINT ( 'NONE',  ( 0.9215322991731923485, 0.8407979856674557828, 1.125000000000000222 ) ) ;
#1680 = CARTESIAN_POINT ( 'NONE',  ( -0.9215322991731923485, 0.8407979856674557828, 0.7750000000000001332 ) ) ;
#1681 = LINE ( 'NONE', #2616, #597 ) ;
#1682 = ADVANCED_FACE ( 'NONE', ( #1153 ), #1379, .F. ) ;
#1683 = AXIS2_PLACEMENT_3D ( 'NONE', #125, #2540, #1833 ) ;
#1684 = VERTEX_POINT ( 'NONE', #3080 ) ;
#1685 = DIRECTION ( 'NONE',  ( -0.000000000000000000, -0.000000000000000000, -1.000000000000000000 ) ) ;
#1686 = ORIENTED_EDGE ( 'NONE', *, *, #2908, .T. ) ;
#1687 = DIRECTION ( 'NONE',  ( 0.000000000000000000, 0.000000000000000000, 1.000000000000000000 ) ) ;
#1688 = EDGE_CURVE ( 'NONE', #1993, #2107, #672, .T. ) ;
#1689 = ADVANCED_FACE ( 'NONE', ( #2347 ), #432, .F. ) ;
#1690 = CARTESIAN_POINT ( 'NONE',  ( -1.102563037094570930, 0.8750000000000226485, 0.7750000000000001332 ) ) ;
#1691 = VERTEX_POINT ( 'NONE', #700 ) ;
#1692 = CARTESIAN_POINT ( 'NONE',  ( -0.9438386032304876272, 0.3904182823479135922, 1.125000000000000222 ) ) ;
#1693 = EDGE_LOOP ( 'NONE', ( #1364, #2200, #1237, #2144 ) ) ;
#1694 = EDGE_CURVE ( 'NONE', #1084, #2993, #1865, .T. ) ;
#1695 = DIRECTION ( 'NONE',  ( -1.000000000000000000, 0.000000000000000000, 0.000000000000000000 ) ) ;
#1696 = DIRECTION ( 'NONE',  ( -0.000000000000000000, -0.000000000000000000, -1.000000000000000000 ) ) ;
#1697 = VECTOR ( 'NONE', #1801, 1000.000000000000227 ) ;
#1698 = FACE_OUTER_BOUND ( 'NONE', #28, .T. ) ;
#1699 = DIRECTION ( 'NONE',  ( 1.000000000000000000, 0.000000000000000000, 0.000000000000000000 ) ) ;
#1700 = EDGE_LOOP ( 'NONE', ( #1553, #377, #151, #869 ) ) ;
#1701 = DIRECTION ( 'NONE',  ( 0.000000000000000000, 0.000000000000000000, 1.000000000000000000 ) ) ;
#1702 = ORIENTED_EDGE ( 'NONE', *, *, #1294, .T. ) ;
#1703 = DIRECTION ( 'NONE',  ( 0.000000000000000000, 0.000000000000000000, 1.000000000000000000 ) ) ;
#1704 = LINE ( 'NONE', #2668, #2312 ) ;
#1705 = PRODUCT_DEFINITION_SHAPE ( 'NONE', 'NONE',  #1399 ) ;
#1706 = DIRECTION ( 'NONE',  ( 0.9659258262890685343, -0.2588190451025196293, -0.000000000000000000 ) ) ;
#1707 = EDGE_CURVE ( 'NONE', #1613, #2114, #2404, .T. ) ;
#1708 = ORIENTED_EDGE ( 'NONE', *, *, #1650, .T. ) ;
#1709 = CARTESIAN_POINT ( 'NONE',  ( -0.4250000000000003220, 1.399999999999999911, -0.9500000000000003997 ) ) ;
#1710 = ADVANCED_FACE ( 'NONE', ( #659 ), #1909, .T. ) ;
#1711 = ORIENTED_EDGE ( 'NONE', *, *, #1063, .F. ) ;
#1712 = EDGE_CURVE ( 'NONE', #128, #1019, #2872, .T. ) ;
#1713 = DIRECTION ( 'NONE',  ( -0.000000000000000000, -0.000000000000000000, -1.000000000000000000 ) ) ;
#1714 = PRESENTATION_STYLE_ASSIGNMENT (( #104 ) ) ;
#1715 = LINE ( 'NONE', #516, #2103 ) ;
#1716 = EDGE_LOOP ( 'NONE', ( #804, #1338, #2332, #2921 ) ) ;
#1717 = FACE_OUTER_BOUND ( 'NONE', #226, .T. ) ;
#1718 = FACE_OUTER_BOUND ( 'NONE', #1244, .T. ) ;
#1719 = ORIENTED_EDGE ( 'NONE', *, *, #575, .T. ) ;
#1720 = DIRECTION ( 'NONE',  ( -0.000000000000000000, -0.000000000000000000, -1.000000000000000000 ) ) ;
#1721 = EDGE_CURVE ( 'NONE', #198, #1597, #1628, .T. ) ;
#1722 = CARTESIAN_POINT ( 'NONE',  ( -1.011925960798826463, 0.2596236853864398175, -0.7749999999999999112 ) ) ;
#1723 = LINE ( 'NONE', #2181, #3049 ) ;
#1724 = EDGE_LOOP ( 'NONE', ( #1064, #1049, #1223, #1405 ) ) ;
#1725 = ORIENTED_EDGE ( 'NONE', *, *, #1009, .T. ) ;
#1726 = APPLICATION_PROTOCOL_DEFINITION ( 'draft international standard', 'automotive_design', 1998, #1621 ) ;
#1727 = SURFACE_SIDE_STYLE ('',( #1278 ) ) ;
#1728 = CARTESIAN_POINT ( 'NONE',  ( 0.7749999999999999112, 0.9750000000000231815, 1.125000000000000222 ) ) ;
#1729 = LINE ( 'NONE', #487, #905 ) ;
#1730 = VECTOR ( 'NONE', #215, 1000.000000000000114 ) ;
#1731 = AXIS2_PLACEMENT_3D ( 'NONE', #174, #699, #684 ) ;
#1732 = ORIENTED_EDGE ( 'NONE', *, *, #1242, .T. ) ;
#1733 = DIRECTION ( 'NONE',  ( 0.000000000000000000, 0.000000000000000000, 1.000000000000000000 ) ) ;
#1734 = CARTESIAN_POINT ( 'NONE',  ( 0.8275630370946016612, 0.9750000000000226263, -0.7749999999999999112 ) ) ;
#1735 = ORIENTED_EDGE ( 'NONE', *, *, #2635, .F. ) ;
#1736 = CARTESIAN_POINT ( 'NONE',  ( -0.9215322991731923485, 0.8407979856674557828, -0.7749999999999999112 ) ) ;
#1737 = DIRECTION ( 'NONE',  ( -0.3420201433256693790, 0.9396926207859082059, 0.000000000000000000 ) ) ;
#1738 = LINE ( 'NONE', #1243, #184 ) ;
#1739 = ORIENTED_EDGE ( 'NONE', *, *, #1565, .T. ) ;
#1740 = ORIENTED_EDGE ( 'NONE', *, *, #476, .T. ) ;
#1741 = DIRECTION ( 'NONE',  ( -1.000000000000000000, 0.000000000000000000, 0.000000000000000000 ) ) ;
#1742 = CARTESIAN_POINT ( 'NONE',  ( -1.011925960798826463, 0.2596236853864398175, 0.1750000000000001277 ) ) ;
#1743 = DIRECTION ( 'NONE',  ( -1.000000000000000000, 0.000000000000000000, 0.000000000000000000 ) ) ;
#1744 = CARTESIAN_POINT ( 'NONE',  ( -0.7793923945929824848, 0.4502718074298951989, -0.1749999999999999056 ) ) ;
#1745 = CARTESIAN_POINT ( 'NONE',  ( -0.4250000000000003220, 1.449999999999999956, -1.100000000000000311 ) ) ;
#1746 = AXIS2_PLACEMENT_3D ( 'NONE', #1129, #1843, #654 ) ;
#1747 = VECTOR ( 'NONE', #2327, 1000.000000000000227 ) ;
#1748 = VERTEX_POINT ( 'NONE', #189 ) ;
#1749 = VECTOR ( 'NONE', #1816, 1000.000000000000114 ) ;
#1750 = DIRECTION ( 'NONE',  ( -1.000000000000000000, 0.000000000000000000, 0.000000000000000000 ) ) ;
#1751 = LINE ( 'NONE', #1501, #1548 ) ;
#1752 = EDGE_CURVE ( 'NONE', #2372, #745, #3099, .T. ) ;
#1753 = VECTOR ( 'NONE', #1169, 1000.000000000000000 ) ;
#1754 = EDGE_CURVE ( 'NONE', #2033, #1074, #2007, .T. ) ;
#1755 = EDGE_CURVE ( 'NONE', #1508, #3051, #440, .T. ) ;
#1756 = FILL_AREA_STYLE_COLOUR ( '', #38 ) ;
#1757 = EDGE_CURVE ( 'NONE', #2952, #2913, #858, .T. ) ;
#1758 = DIRECTION ( 'NONE',  ( -0.3420201433256693790, 0.9396926207859082059, 0.000000000000000000 ) ) ;
#1759 = ORIENTED_EDGE ( 'NONE', *, *, #2545, .F. ) ;
#1760 = ORIENTED_EDGE ( 'NONE', *, *, #2, .F. ) ;
#1761 = CARTESIAN_POINT ( 'NONE',  ( -0.7750000000000002442, 0.9750000000000227374, 1.125000000000000222 ) ) ;
#1762 = EDGE_LOOP ( 'NONE', ( #2314, #2619, #984, #542 ) ) ;
#1763 = ADVANCED_FACE ( 'NONE', ( #450 ), #2377, .F. ) ;
#1764 = CARTESIAN_POINT ( 'NONE',  ( 0.7749999999999999112, 1.149999999999992584, -1.125000000000000000 ) ) ;
#1765 = DIRECTION ( 'NONE',  ( -1.000000000000000000, 0.000000000000000000, 0.000000000000000000 ) ) ;
#1766 = AXIS2_PLACEMENT_3D ( 'NONE', #3036, #411, #3008 ) ;
#1767 = DIRECTION ( 'NONE',  ( -0.000000000000000000, -0.000000000000000000, -1.000000000000000000 ) ) ;
#1768 =( LENGTH_UNIT ( ) NAMED_UNIT ( * ) SI_UNIT ( .MILLI., .METRE. ) );
#1769 = ORIENTED_EDGE ( 'NONE', *, *, #2986, .T. ) ;
#1770 = PLANE ( 'NONE',  #2036 ) ;
#1771 = PLANE ( 'NONE',  #2057 ) ;
#1772 = DIRECTION ( 'NONE',  ( 1.000000000000000000, -0.000000000000000000, 0.000000000000000000 ) ) ;
#1773 = ORIENTED_EDGE ( 'NONE', *, *, #460, .F. ) ;
#1774 = EDGE_LOOP ( 'NONE', ( #402, #2269, #564, #1016, #2968, #375, #1216, #1147, #2408, #2451, #2585, #2282, #962, #1459 ) ) ;
#1775 = CARTESIAN_POINT ( 'NONE',  ( 1.037807865309078537, 0.3562162680153466709, -1.125000000000000000 ) ) ;
#1776 = ADVANCED_FACE ( 'NONE', ( #69 ), #1245, .F. ) ;
#1777 = EDGE_LOOP ( 'NONE', ( #2435, #2866, #1467, #1230 ) ) ;
#1778 = DIRECTION ( 'NONE',  ( -0.000000000000000000, -0.000000000000000000, -1.000000000000000000 ) ) ;
#1779 = CARTESIAN_POINT ( 'NONE',  ( -1.037807865309078537, 0.3562162680153466709, 1.125000000000000222 ) ) ;
#1780 = AXIS2_PLACEMENT_3D ( 'NONE', #1516, #279, #1750 ) ;
#1781 = ORIENTED_EDGE ( 'NONE', *, *, #1419, .F. ) ;
#1782 = CARTESIAN_POINT ( 'NONE',  ( -0.7793923945929824848, 0.4502718074298952544, -1.125000000000000000 ) ) ;
#1783 = CARTESIAN_POINT ( 'NONE',  ( -1.304706667107066842, 0.000000000000000000, 1.125000000000000222 ) ) ;
#1784 = DIRECTION ( 'NONE',  ( 0.2588190451025215166, -0.9659258262890680902, 0.000000000000000000 ) ) ;
#1785 = FACE_OUTER_BOUND ( 'NONE', #457, .T. ) ;
#1787 = ORIENTED_EDGE ( 'NONE', *, *, #1006, .F. ) ;
#1786 = ORIENTED_EDGE ( 'NONE', *, *, #1044, .T. ) ;
#1788 = AXIS2_PLACEMENT_3D ( 'NONE', #3039, #912, #2834 ) ;
#1789 = EDGE_CURVE ( 'NONE', #198, #750, #2421, .T. ) ;
#1790 = ORIENTED_EDGE ( 'NONE', *, *, #1390, .T. ) ;
#1791 = CARTESIAN_POINT ( 'NONE',  ( 1.085978507810697158, 0.7809444605854741761, -1.125000000000000000 ) ) ;
#1792 = ADVANCED_FACE ( 'NONE', ( #1291 ), #88, .F. ) ;
#1793 = ORIENTED_EDGE ( 'NONE', *, *, #1448, .F. ) ;
#1794 =( NAMED_UNIT ( * ) PLANE_ANGLE_UNIT ( ) SI_UNIT ( $, .RADIAN. ) );
#1795 = DIRECTION ( 'NONE',  ( -0.3420201433256693790, 0.9396926207859082059, 0.000000000000000000 ) ) ;
#1796 = DIRECTION ( 'NONE',  ( -1.000000000000000000, 0.000000000000000000, 0.000000000000000000 ) ) ;
#1797 = EDGE_CURVE ( 'NONE', #2913, #464, #1031, .T. ) ;
#1798 = VECTOR ( 'NONE', #275, 1000.000000000000227 ) ;
#1799 = ORIENTED_EDGE ( 'NONE', *, *, #1752, .T. ) ;
#1800 = CARTESIAN_POINT ( 'NONE',  ( -0.4250000000000003220, 1.399999999999999911, -1.100000000000000311 ) ) ;
#1801 = DIRECTION ( 'NONE',  ( 0.2588190451025215166, -0.9659258262890680902, 0.000000000000000000 ) ) ;
#1802 = AXIS2_PLACEMENT_3D ( 'NONE', #97, #3037, #2538 ) ;
#1803 = AXIS2_PLACEMENT_3D ( 'NONE', #1779, #529, #2244 ) ;
#1804 = VECTOR ( 'NONE', #2579, 999.9999999999998863 ) ;
#1805 = LINE ( 'NONE', #899, #1280 ) ;
#1806 = PRESENTATION_LAYER_ASSIGNMENT (  '', '', ( #952 ) ) ;
#1807 = LINE ( 'NONE', #2497, #599 ) ;
#1809 = ORIENTED_EDGE ( 'NONE', *, *, #576, .T. ) ;
#1808 = ORIENTED_EDGE ( 'NONE', *, *, #1163, .T. ) ;
#1810 = EDGE_LOOP ( 'NONE', ( #1934, #54, #2429, #131 ) ) ;
#1811 = LINE ( 'NONE', #2548, #2374 ) ;
#1812 = ORIENTED_EDGE ( 'NONE', *, *, #508, .F. ) ;
#1813 = DIRECTION ( 'NONE',  ( 1.000000000000000000, 0.000000000000000000, 0.000000000000000000 ) ) ;
#1814 = CARTESIAN_POINT ( 'NONE',  ( 0.7793923945929824848, 0.4502718074298952544, 1.125000000000000222 ) ) ;
#1815 = EDGE_CURVE ( 'NONE', #1290, #3017, #1942, .T. ) ;
#1816 = DIRECTION ( 'NONE',  ( 0.3420201433256686019, -0.9396926207859084279, 0.000000000000000000 ) ) ;
#1817 = LINE ( 'NONE', #2554, #2072 ) ;
#1818 = DIRECTION ( 'NONE',  ( 0.000000000000000000, 0.000000000000000000, 1.000000000000000000 ) ) ;
#1819 = DIRECTION ( 'NONE',  ( 0.9396926207859085389, 0.3420201433256686019, -0.000000000000000000 ) ) ;
#1820 = VECTOR ( 'NONE', #840, 1000.000000000000000 ) ;
#1821 = CYLINDRICAL_SURFACE ( 'NONE', #1683, 0.2749999999999692690 ) ;
#1823 = VERTEX_POINT ( 'NONE', #1692 ) ;
#1822 = ORIENTED_EDGE ( 'NONE', *, *, #119, .F. ) ;
#1824 = ORIENTED_EDGE ( 'NONE', *, *, #148, .T. ) ;
#1825 = FACE_OUTER_BOUND ( 'NONE', #976, .T. ) ;
#1826 = ORIENTED_EDGE ( 'NONE', *, *, #1238, .F. ) ;
#1827 = LINE ( 'NONE', #2753, #588 ) ;
#1828 = PLANE ( 'NONE',  #1395 ) ;
#1829 = CARTESIAN_POINT ( 'NONE',  ( 0.7749999999999996891, 1.449999999999999956, 1.410504250723780606 ) ) ;
#1830 = DIRECTION ( 'NONE',  ( 0.3420201433256686019, 0.9396926207859084279, -0.000000000000000000 ) ) ;
#1831 = DIRECTION ( 'NONE',  ( -0.000000000000000000, -0.000000000000000000, -1.000000000000000000 ) ) ;
#1832 = AXIS2_PLACEMENT_3D ( 'NONE', #1968, #2727, #2914 ) ;
#1833 = DIRECTION ( 'NONE',  ( -1.000000000000000000, 0.000000000000000000, 0.000000000000000000 ) ) ;
#1835 = VERTEX_POINT ( 'NONE', #254 ) ;
#1834 = ORIENTED_EDGE ( 'NONE', *, *, #2091, .T. ) ;
#1836 = VECTOR ( 'NONE', #2213, 1000.000000000000000 ) ;
#1837 = FACE_OUTER_BOUND ( 'NONE', #3106, .T. ) ;
#1838 = CIRCLE ( 'NONE', #2250, 0.09999999999999993616 ) ;
#1839 = EDGE_LOOP ( 'NONE', ( #1255, #1649, #1573, #643 ) ) ;
#1840 = DIRECTION ( 'NONE',  ( -0.000000000000000000, -0.000000000000000000, -1.000000000000000000 ) ) ;
#1841 = LINE ( 'NONE', #1156, #960 ) ;
#1842 = CARTESIAN_POINT ( 'NONE',  ( 1.350000000000000089, 0.1690370196005579195, -0.7749999999999999112 ) ) ;
#1843 = DIRECTION ( 'NONE',  ( 0.000000000000000000, -1.000000000000000000, 0.000000000000000000 ) ) ;
#1844 = ADVANCED_FACE ( 'NONE', ( #2906 ), #1229, .T. ) ;
#1845 = DIRECTION ( 'NONE',  ( -0.000000000000000000, -0.000000000000000000, -1.000000000000000000 ) ) ;
#1846 = EDGE_CURVE ( 'NONE', #2160, #299, #1474, .T. ) ;
#1847 = EDGE_LOOP ( 'NONE', ( #2682, #66, #1588, #2334 ) ) ;
#1848 = EDGE_CURVE ( 'NONE', #1418, #2879, #2187, .T. ) ;
#1849 = AXIS2_PLACEMENT_3D ( 'NONE', #1030, #58, #2426 ) ;
#1850 = CIRCLE ( 'NONE', #646, 0.2749999999999692690 ) ;
#1851 = DIRECTION ( 'NONE',  ( 0.9659258262890680902, 0.2588190451025215166, 0.000000000000000000 ) ) ;
#1852 = EDGE_LOOP ( 'NONE', ( #145, #2937, #211, #1297 ) ) ;
#1853 = DIRECTION ( 'NONE',  ( 1.000000000000000000, 2.062670333402142108E-15, 0.000000000000000000 ) ) ;
#1854 = EDGE_CURVE ( 'NONE', #2089, #1074, #2476, .T. ) ;
#1855 = CARTESIAN_POINT ( 'NONE',  ( 0.7749999999999996891, 1.149999999999992140, 1.449999999999999512 ) ) ;
#1856 = CARTESIAN_POINT ( 'NONE',  ( -1.011925960798826463, 0.2596236853864398175, 1.125000000000000222 ) ) ;
#1857 = MANIFOLD_SOLID_BREP ( 'Cut-Extrude1', #1330 ) ;
#1858 = DIRECTION ( 'NONE',  ( 0.3420201433256693235, 0.9396926207859082059, 0.000000000000000000 ) ) ;
#1859 = CARTESIAN_POINT ( 'NONE',  ( 1.037807865309078537, 0.3562162680153466709, 0.7750000000000001332 ) ) ;
#1860 = LINE ( 'NONE', #197, #2539 ) ;
#1861 = ORIENTED_EDGE ( 'NONE', *, *, #847, .T. ) ;
#1862 = DIRECTION ( 'NONE',  ( 0.000000000000000000, 1.000000000000000000, 0.000000000000000000 ) ) ;
#1863 = ORIENTED_EDGE ( 'NONE', *, *, #2962, .F. ) ;
#1864 = UNCERTAINTY_MEASURE_WITH_UNIT (LENGTH_MEASURE( 1.000000000000000082E-05 ), #842, 'distance_accuracy_value', 'NONE');
#1865 = LINE ( 'NONE', #1442, #181 ) ;
#1866 = EDGE_CURVE ( 'NONE', #101, #2629, #2238, .T. ) ;
#1867 = PLANE ( 'NONE',  #2843 ) ;
#1868 = LINE ( 'NONE', #2083, #2165 ) ;
#1869 = CARTESIAN_POINT ( 'NONE',  ( 1.085978507810697158, 0.7809444605854741761, -0.7749999999999999112 ) ) ;
#1870 = CARTESIAN_POINT ( 'NONE',  ( -0.7750000000000002442, 0.9750000000000227374, -0.1749999999999999056 ) ) ;
#1871 = ORIENTED_EDGE ( 'NONE', *, *, #2684, .F. ) ;
#1872 = DIRECTION ( 'NONE',  ( -0.000000000000000000, -0.000000000000000000, -1.000000000000000000 ) ) ;
#1873 = ORIENTED_EDGE ( 'NONE', *, *, #1420, .F. ) ;
#1874 = DIRECTION ( 'NONE',  ( 0.000000000000000000, 0.000000000000000000, -1.000000000000000000 ) ) ;
#1875 = DIRECTION ( 'NONE',  ( -0.000000000000000000, -0.000000000000000000, -1.000000000000000000 ) ) ;
#1876 = VERTEX_POINT ( 'NONE', #2938 ) ;
#1877 = DIRECTION ( 'NONE',  ( -0.9659258262890685343, 0.2588190451025200178, -0.000000000000000000 ) ) ;
#1878 = EDGE_CURVE ( 'NONE', #172, #2670, #1535, .T. ) ;
#1879 = ADVANCED_FACE ( 'NONE', ( #787 ), #805, .F. ) ;
#1880 = DIRECTION ( 'NONE',  ( 1.000000000000000000, 0.000000000000000000, 0.000000000000000000 ) ) ;
#1881 = CARTESIAN_POINT ( 'NONE',  ( 1.037807865309078537, 0.3562162680153466709, -0.7749999999999999112 ) ) ;
#1882 = EDGE_CURVE ( 'NONE', #1374, #459, #63, .T. ) ;
#1883 = DIRECTION ( 'NONE',  ( 0.000000000000000000, 1.000000000000000000, 0.000000000000000000 ) ) ;
#1884 = DIRECTION ( 'NONE',  ( -0.000000000000000000, -0.000000000000000000, -1.000000000000000000 ) ) ;
#1885 = ORIENTED_EDGE ( 'NONE', *, *, #2962, .T. ) ;
#1886 = DIRECTION ( 'NONE',  ( -0.3420201433256693790, -0.9396926207859082059, -0.000000000000000000 ) ) ;
#1887 = EDGE_CURVE ( 'NONE', #1498, #1290, #2969, .T. ) ;
#1888 = ORIENTED_EDGE ( 'NONE', *, *, #1044, .F. ) ;
#1889 = CARTESIAN_POINT ( 'NONE',  ( -1.037807865309078537, 0.3562162680153466709, 1.125000000000000222 ) ) ;
#1890 = EDGE_CURVE ( 'NONE', #1418, #2726, #569, .T. ) ;
#1891 = CIRCLE ( 'NONE', #1940, 0.09999999999999993616 ) ;
#1892 = FACE_OUTER_BOUND ( 'NONE', #1542, .T. ) ;
#1893 = AXIS2_PLACEMENT_3D ( 'NONE', #2677, #554, #1699 ) ;
#1894 = CIRCLE ( 'NONE', #3094, 0.2749999999999692690 ) ;
#1895 = AXIS2_PLACEMENT_3D ( 'NONE', #1540, #845, #1796 ) ;
#1896 = CARTESIAN_POINT ( 'NONE',  ( -0.8275630370946016612, 0.8750000000000226485, -0.7749999999999999112 ) ) ;
#1897 = CIRCLE ( 'NONE', #442, 0.09999999999999993616 ) ;
#1898 = VECTOR ( 'NONE', #1027, 1000.000000000000114 ) ;
#1899 = LINE ( 'NONE', #3102, #3006 ) ;
#1900 = SURFACE_STYLE_FILL_AREA ( #2614 ) ;
#1901 = CARTESIAN_POINT ( 'NONE',  ( -1.350000000000000089, 0.1690370196005573089, -0.7749999999999999112 ) ) ;
#1902 = CARTESIAN_POINT ( 'NONE',  ( 1.037807865309078537, 0.3562162680153466709, 1.125000000000000222 ) ) ;
#1903 = ORIENTED_EDGE ( 'NONE', *, *, #2597, .F. ) ;
#1904 = DIRECTION ( 'NONE',  ( -1.000000000000000000, 0.000000000000000000, 0.000000000000000000 ) ) ;
#1905 = ORIENTED_EDGE ( 'NONE', *, *, #1390, .F. ) ;
#1906 = DIRECTION ( 'NONE',  ( 0.000000000000000000, 0.000000000000000000, 1.000000000000000000 ) ) ;
#1907 = VECTOR ( 'NONE', #166, 1000.000000000000000 ) ;
#1908 = LINE ( 'NONE', #2400, #628 ) ;
#1909 = PLANE ( 'NONE',  #2506 ) ;
#1911 = VERTEX_POINT ( 'NONE', #2742 ) ;
#1910 = ORIENTED_EDGE ( 'NONE', *, *, #1520, .T. ) ;
#1912 = CARTESIAN_POINT ( 'NONE',  ( -0.9666326279058929938, 0.09058666578588239759, -0.7749999999999999112 ) ) ;
#1913 = FACE_OUTER_BOUND ( 'NONE', #2437, .T. ) ;
#1914 = LINE ( 'NONE', #739, #1102 ) ;
#1915 = PLANE ( 'NONE',  #229 ) ;
#1916 = ADVANCED_FACE ( 'NONE', ( #81 ), #2275, .T. ) ;
#1917 = EDGE_CURVE ( 'NONE', #112, #2107, #2443, .T. ) ;
#1918 = ORIENTED_EDGE ( 'NONE', *, *, #203, .F. ) ;
#1919 = DIRECTION ( 'NONE',  ( 0.000000000000000000, 0.000000000000000000, -1.000000000000000000 ) ) ;
#1920 = EDGE_LOOP ( 'NONE', ( #278, #711, #496, #991 ) ) ;
#1921 = ORIENTED_EDGE ( 'NONE', *, *, #1289, .T. ) ;
#1922 = CARTESIAN_POINT ( 'NONE',  ( -0.7750000000000002442, 0.9750000000000227374, 0.7750000000000001332 ) ) ;
#1923 = VECTOR ( 'NONE', #735, 1000.000000000000000 ) ;
#1924 = CIRCLE ( 'NONE', #2489, 0.2749999999999692690 ) ;
#1925 = VERTEX_POINT ( 'NONE', #2263 ) ;
#1926 = LINE ( 'NONE', #1615, #2459 ) ;
#1927 = ORIENTED_EDGE ( 'NONE', *, *, #2868, .T. ) ;
#1928 = LINE ( 'NONE', #1963, #2062 ) ;
#1929 = CARTESIAN_POINT ( 'NONE',  ( 1.350000000000000089, 0.1690370196005579195, 1.125000000000000222 ) ) ;
#1930 = CARTESIAN_POINT ( 'NONE',  ( -0.7750000000000002442, 0.9750000000000227374, -0.7749999999999999112 ) ) ;
#1931 = FILL_AREA_STYLE_COLOUR ( '', #2457 ) ;
#1932 = CIRCLE ( 'NONE', #2345, 0.09999999999999993616 ) ;
#1933 = ADVANCED_FACE ( 'NONE', ( #1482 ), #1770, .F. ) ;
#1934 = ORIENTED_EDGE ( 'NONE', *, *, #966, .F. ) ;
#1935 = CARTESIAN_POINT ( 'NONE',  ( -0.9438386032304876272, 0.3904182823479135922, 1.125000000000000222 ) ) ;
#1936 = ORIENTED_EDGE ( 'NONE', *, *, #1815, .T. ) ;
#1937 = DIRECTION ( 'NONE',  ( 0.2588190451025196293, 0.9659258262890686453, -0.000000000000000000 ) ) ;
#1938 = ADVANCED_FACE ( 'NONE', ( #1017 ), #1311, .F. ) ;
#1939 = CARTESIAN_POINT ( 'NONE',  ( -0.8275630370946016612, 0.8750000000000226485, -1.125000000000000000 ) ) ;
#1940 = AXIS2_PLACEMENT_3D ( 'NONE', #56, #1999, #334 ) ;
#1941 = ORIENTED_EDGE ( 'NONE', *, *, #901, .F. ) ;
#1942 = LINE ( 'NONE', #1042, #1923 ) ;
#1943 = ORIENTED_EDGE ( 'NONE', *, *, #2808, .T. ) ;
#1944 = VECTOR ( 'NONE', #1767, 1000.000000000000000 ) ;
#1945 = AXIS2_PLACEMENT_3D ( 'NONE', #391, #3043, #2985 ) ;
#1946 = CARTESIAN_POINT ( 'NONE',  ( -1.304706667107066842, 0.000000000000000000, -0.7749999999999999112 ) ) ;
#1947 = AXIS2_PLACEMENT_3D ( 'NONE', #2665, #557, #1517 ) ;
#1948 = VECTOR ( 'NONE', #287, 1000.000000000000000 ) ;
#1949 = LINE ( 'NONE', #2911, #1252 ) ;
#1950 = DIRECTION ( 'NONE',  ( 1.000000000000000000, 0.000000000000000000, 0.000000000000000000 ) ) ;
#1951 = ADVANCED_FACE ( 'NONE', ( #2023 ), #760, .T. ) ;
#1952 = VERTEX_POINT ( 'NONE', #107 ) ;
#1953 = DIRECTION ( 'NONE',  ( 1.000000000000000000, 0.000000000000000000, 0.000000000000000000 ) ) ;
#1954 = FACE_OUTER_BOUND ( 'NONE', #1674, .T. ) ;
#1955 = ORIENTED_EDGE ( 'NONE', *, *, #2341, .T. ) ;
#1956 = LINE ( 'NONE', #1256, #1836 ) ;
#1957 = PRESENTATION_STYLE_ASSIGNMENT (( #1052 ) ) ;
#1958 = CARTESIAN_POINT ( 'NONE',  ( 1.037807865309078537, 0.3562162680153466709, 1.125000000000000222 ) ) ;
#1959 = ORIENTED_EDGE ( 'NONE', *, *, #1458, .T. ) ;
#1960 = CARTESIAN_POINT ( 'NONE',  ( 0.7749999999999999112, 1.149999999999992584, 1.125000000000000222 ) ) ;
#1961 = EDGE_LOOP ( 'NONE', ( #1193, #1740, #837, #504 ) ) ;
#1962 = VECTOR ( 'NONE', #1555, 1000.000000000000000 ) ;
#1963 = CARTESIAN_POINT ( 'NONE',  ( -1.085978507810697158, 0.7809444605854741761, 0.1750000000000001277 ) ) ;
#1964 = DIRECTION ( 'NONE',  ( -0.000000000000000000, 1.000000000000000000, -0.000000000000000000 ) ) ;
#1965 = LINE ( 'NONE', #2227, #232 ) ;
#1966 = CARTESIAN_POINT ( 'NONE',  ( 0.8275630370946016612, 0.8750000000000226485, 0.7750000000000001332 ) ) ;
#1967 = VERTEX_POINT ( 'NONE', #60 ) ;
#1968 = CARTESIAN_POINT ( 'NONE',  ( 0.000000000000000000, 0.1499999999999999944, 1.341386689490397632 ) ) ;
#1969 = DIRECTION ( 'NONE',  ( -0.9914448613738109373, -0.1305261922200483260, 0.000000000000000000 ) ) ;
#1970 = ORIENTED_EDGE ( 'NONE', *, *, #9, .F. ) ;
#1971 = CARTESIAN_POINT ( 'NONE',  ( 1.037807865309078537, 0.3562162680153466709, 0.7750000000000001332 ) ) ;
#1972 = CARTESIAN_POINT ( 'NONE',  ( -0.4250000000000003220, 1.399999999999999911, -0.9500000000000003997 ) ) ;
#1973 = ORIENTED_EDGE ( 'NONE', *, *, #1887, .F. ) ;
#1974 = ORIENTED_EDGE ( 'NONE', *, *, #1296, .F. ) ;
#1975 = DIRECTION ( 'NONE',  ( -1.000000000000000000, 8.250681333608500589E-15, -0.000000000000000000 ) ) ;
#1976 = FACE_OUTER_BOUND ( 'NONE', #1443, .T. ) ;
#1977 = LINE ( 'NONE', #616, #1096 ) ;
#1978 = ADVANCED_FACE ( 'NONE', ( #1717 ), #1050, .T. ) ;
#1979 = DIRECTION ( 'NONE',  ( -0.000000000000000000, -0.000000000000000000, -1.000000000000000000 ) ) ;
#1980 = SURFACE_STYLE_USAGE ( .BOTH. , #2663 ) ;
#1981 = CIRCLE ( 'NONE', #2316, 0.2749999999999692690 ) ;
#1982 = ADVANCED_FACE ( 'NONE', ( #2974 ), #2680, .F. ) ;
#1983 = EDGE_CURVE ( 'NONE', #1306, #2193, #419, .T. ) ;
#1984 = EDGE_CURVE ( 'NONE', #2237, #472, #532, .T. ) ;
#1985 = ORIENTED_EDGE ( 'NONE', *, *, #1294, .F. ) ;
#1986 = DIRECTION ( 'NONE',  ( -0.000000000000000000, -0.000000000000000000, -1.000000000000000000 ) ) ;
#1987 = DIRECTION ( 'NONE',  ( -0.000000000000000000, -0.000000000000000000, -1.000000000000000000 ) ) ;
#1988 = CIRCLE ( 'NONE', #2388, 0.2749999999999692690 ) ;
#1989 = ORIENTED_EDGE ( 'NONE', *, *, #238, .T. ) ;
#1990 = ADVANCED_FACE ( 'NONE', ( #774 ), #2697, .T. ) ;
#1991 = LINE ( 'NONE', #1021, #2152 ) ;
#1992 = CARTESIAN_POINT ( 'NONE',  ( -0.8275630370946016612, 0.8750000000000226485, -1.125000000000000000 ) ) ;
#1993 = VERTEX_POINT ( 'NONE', #829 ) ;
#1994 = EDGE_CURVE ( 'NONE', #1336, #53, #888, .T. ) ;
#1995 = VERTEX_POINT ( 'NONE', #585 ) ;
#1996 = DIRECTION ( 'NONE',  ( 1.000000000000000000, 0.000000000000000000, 0.000000000000000000 ) ) ;
#1997 = ORIENTED_EDGE ( 'NONE', *, *, #2175, .T. ) ;
#1998 = DIRECTION ( 'NONE',  ( 0.3420201433256686019, -0.9396926207859084279, 0.000000000000000000 ) ) ;
#1999 = DIRECTION ( 'NONE',  ( -0.000000000000000000, -0.000000000000000000, -1.000000000000000000 ) ) ;
#2000 = LINE ( 'NONE', #553, #1250 ) ;
#2001 = DIRECTION ( 'NONE',  ( -1.000000000000000000, 0.000000000000000000, 0.000000000000000000 ) ) ;
#2002 = VECTOR ( 'NONE', #224, 1000.000000000000000 ) ;
#2003 = AXIS2_PLACEMENT_3D ( 'NONE', #2069, #3018, #1813 ) ;
#2004 = AXIS2_PLACEMENT_3D ( 'NONE', #1958, #1507, #560 ) ;
#2005 = VECTOR ( 'NONE', #2583, 1000.000000000000000 ) ;
#2006 = ORIENTED_EDGE ( 'NONE', *, *, #688, .F. ) ;
#2007 = CIRCLE ( 'NONE', #344, 0.1499999999999998557 ) ;
#2008 = DIRECTION ( 'NONE',  ( -0.000000000000000000, -0.000000000000000000, -1.000000000000000000 ) ) ;
#2009 = CARTESIAN_POINT ( 'NONE',  ( -0.9275630370946015280, 0.8750000000000226485, -0.7749999999999999112 ) ) ;
#2010 = AXIS2_PLACEMENT_3D ( 'NONE', #2234, #304, #2012 ) ;
#2011 = CIRCLE ( 'NONE', #651, 0.1000000000000000472 ) ;
#2012 = DIRECTION ( 'NONE',  ( 0.3420201433256693235, -0.9396926207859082059, 0.000000000000000000 ) ) ;
#2013 = EDGE_CURVE ( 'NONE', #2629, #441, #321, .T. ) ;
#2014 = LINE ( 'NONE', #2730, #1054 ) ;
#2015 = ORIENTED_EDGE ( 'NONE', *, *, #1420, .T. ) ;
#2016 = ORIENTED_EDGE ( 'NONE', *, *, #449, .F. ) ;
#2017 = DIRECTION ( 'NONE',  ( -1.000000000000000000, 0.000000000000000000, 0.000000000000000000 ) ) ;
#2018 = ORIENTED_EDGE ( 'NONE', *, *, #3090, .F. ) ;
#2019 = LINE ( 'NONE', #350, #2052 ) ;
#2020 = DIRECTION ( 'NONE',  ( -1.000000000000000000, -2.062670333402142502E-15, 0.000000000000000000 ) ) ;
#2021 = ORIENTED_EDGE ( 'NONE', *, *, #1148, .F. ) ;
#2022 = ADVANCED_FACE ( 'NONE', ( #556 ), #353, .T. ) ;
#2023 = FACE_OUTER_BOUND ( 'NONE', #273, .T. ) ;
#2024 = CARTESIAN_POINT ( 'NONE',  ( 1.011925960798826463, 0.2596236853864398175, -1.125000000000000000 ) ) ;
#2025 = EDGE_CURVE ( 'NONE', #3017, #389, #2745, .T. ) ;
#2026 = CARTESIAN_POINT ( 'NONE',  ( -1.102563037094570930, 0.8750000000000226485, 1.125000000000000222 ) ) ;
#2027 = DIRECTION ( 'NONE',  ( -0.000000000000000000, -0.000000000000000000, -1.000000000000000000 ) ) ;
#2029 = ORIENTED_EDGE ( 'NONE', *, *, #1424, .F. ) ;
#2028 = ORIENTED_EDGE ( 'NONE', *, *, #2084, .F. ) ;
#2030 = EDGE_CURVE ( 'NONE', #2836, #611, #1805, .T. ) ;
#2031 = ORIENTED_EDGE ( 'NONE', *, *, #2084, .T. ) ;
#2032 = DIRECTION ( 'NONE',  ( -0.9659258262890686453, 0.2588190451025196293, 0.000000000000000000 ) ) ;
#2033 = VERTEX_POINT ( 'NONE', #833 ) ;
#2034 =( NAMED_UNIT ( * ) PLANE_ANGLE_UNIT ( ) SI_UNIT ( $, .RADIAN. ) );
#2035 = CARTESIAN_POINT ( 'NONE',  ( 0.7355042507237807836, 1.449999999999999956, -1.410504250723781494 ) ) ;
#2036 = AXIS2_PLACEMENT_3D ( 'NONE', #1253, #814, #1531 ) ;
#2037 = ORIENTED_EDGE ( 'NONE', *, *, #2833, .F. ) ;
#2038 = DIRECTION ( 'NONE',  ( -0.2588190451025200733, -0.9659258262890685343, 0.000000000000000000 ) ) ;
#2039 = CARTESIAN_POINT ( 'NONE',  ( -0.9438386032304876272, 0.3904182823479135922, 0.1750000000000001277 ) ) ;
#2040 = DIRECTION ( 'NONE',  ( 0.000000000000000000, 0.000000000000000000, 1.000000000000000000 ) ) ;
#2041 = CARTESIAN_POINT ( 'NONE',  ( 1.037807865309078537, 0.3562162680153466709, 1.125000000000000222 ) ) ;
#2043 = ORIENTED_EDGE ( 'NONE', *, *, #882, .F. ) ;
#2042 = ORIENTED_EDGE ( 'NONE', *, *, #639, .T. ) ;
#2044 = CIRCLE ( 'NONE', #1380, 0.09999999999999993616 ) ;
#2045 = ADVANCED_FACE ( 'NONE', ( #1327 ), #655, .F. ) ;
#2046 = EDGE_CURVE ( 'NONE', #799, #2466, #2060, .T. ) ;
#2047 = VERTEX_POINT ( 'NONE', #400 ) ;
#2048 = DIRECTION ( 'NONE',  ( -1.000000000000000000, 0.000000000000000000, 0.000000000000000000 ) ) ;
#2049 = EDGE_LOOP ( 'NONE', ( #2143, #3030, #2141, #2391, #1759, #182, #2734, #2021, #839, #2066, #2414, #2949, #1524, #1192 ) ) ;
#2050 = CARTESIAN_POINT ( 'NONE',  ( -0.6439161996420176282, -0.02068031568079213220, -1.318916199642017784 ) ) ;
#2051 = LINE ( 'NONE', #136, #2059 ) ;
#2052 = VECTOR ( 'NONE', #1778, 1000.000000000000000 ) ;
#2053 = DIRECTION ( 'NONE',  ( -0.000000000000000000, -0.000000000000000000, -1.000000000000000000 ) ) ;
#2054 = VERTEX_POINT ( 'NONE', #608 ) ;
#2055 = CARTESIAN_POINT ( 'NONE',  ( 0.8275630370946016612, 0.8750000000000226485, 0.7750000000000001332 ) ) ;
#2056 = PLANE ( 'NONE',  #1746 ) ;
#2057 = AXIS2_PLACEMENT_3D ( 'NONE', #1018, #1969, #2728 ) ;
#2058 = VECTOR ( 'NONE', #2367, 1000.000000000000227 ) ;
#2059 = VECTOR ( 'NONE', #2081, 1000.000000000000000 ) ;
#2060 = LINE ( 'NONE', #2101, #671 ) ;
#2061 = MECHANICAL_DESIGN_GEOMETRIC_PRESENTATION_REPRESENTATION (  '', ( #952 ), #2852 ) ;
#2062 = VECTOR ( 'NONE', #1998, 1000.000000000000114 ) ;
#2063 = CARTESIAN_POINT ( 'NONE',  ( -0.8275630370946016612, 1.149999999999992140, 0.7750000000000001332 ) ) ;
#2065 = ORIENTED_EDGE ( 'NONE', *, *, #2348, .F. ) ;
#2064 = ORIENTED_EDGE ( 'NONE', *, *, #1480, .T. ) ;
#2066 = ORIENTED_EDGE ( 'NONE', *, *, #2273, .F. ) ;
#2067 = CYLINDRICAL_SURFACE ( 'NONE', #454, 0.09999999999999993616 ) ;
#2068 = VERTEX_POINT ( 'NONE', #2779 ) ;
#2069 = CARTESIAN_POINT ( 'NONE',  ( 0.000000000000000000, 0.000000000000000000, 0.000000000000000000 ) ) ;
#2070 = DIRECTION ( 'NONE',  ( -0.3420201433256693790, -0.9396926207859082059, -0.000000000000000000 ) ) ;
#2071 = FACE_OUTER_BOUND ( 'NONE', #2987, .T. ) ;
#2072 = VECTOR ( 'NONE', #141, 1000.000000000000000 ) ;
#2073 = DIRECTION ( 'NONE',  ( -0.000000000000000000, -0.000000000000000000, -1.000000000000000000 ) ) ;
#2074 = DIRECTION ( 'NONE',  ( 0.000000000000000000, 0.000000000000000000, 1.000000000000000000 ) ) ;
#2075 = CARTESIAN_POINT ( 'NONE',  ( 1.350000000000000089, 0.1690370196005579195, 1.125000000000000222 ) ) ;
#2076 = DIRECTION ( 'NONE',  ( -0.1294283079955604598, -0.9831056027603609637, -0.1294283079955604598 ) ) ;
#2078 = ORIENTED_EDGE ( 'NONE', *, *, #640, .T. ) ;
#2077 = ORIENTED_EDGE ( 'NONE', *, *, #495, .F. ) ;
#2079 = CARTESIAN_POINT ( 'NONE',  ( 0.8275630370946016612, 0.9750000000000226263, 1.125000000000000222 ) ) ;
#2080 = EDGE_LOOP ( 'NONE', ( #2042, #117, #2479, #2784 ) ) ;
#2081 = DIRECTION ( 'NONE',  ( -0.000000000000000000, -0.000000000000000000, -1.000000000000000000 ) ) ;
#2082 = EDGE_CURVE ( 'NONE', #445, #900, #2762, .T. ) ;
#2083 = CARTESIAN_POINT ( 'NONE',  ( 0.7749999999999999112, 1.149999999999992584, 1.125000000000000222 ) ) ;
#2084 = EDGE_CURVE ( 'NONE', #1355, #1925, #3011, .T. ) ;
#2085 = DIRECTION ( 'NONE',  ( 0.000000000000000000, 1.000000000000000000, 0.000000000000000000 ) ) ;
#2086 = FACE_OUTER_BOUND ( 'NONE', #1774, .T. ) ;
#2087 = VECTOR ( 'NONE', #1446, 1000.000000000000000 ) ;
#2088 = CARTESIAN_POINT ( 'NONE',  ( -0.9275630370946015280, 0.8750000000000226485, 0.1750000000000001277 ) ) ;
#2090 = ORIENTED_EDGE ( 'NONE', *, *, #2118, .T. ) ;
#2089 = VERTEX_POINT ( 'NONE', #1608 ) ;
#2091 = EDGE_CURVE ( 'NONE', #1275, #857, #868, .T. ) ;
#2092 = VECTOR ( 'NONE', #2721, 1000.000000000000000 ) ;
#2093 = DIRECTION ( 'NONE',  ( 0.000000000000000000, 1.000000000000000000, 0.000000000000000000 ) ) ;
#2094 = CIRCLE ( 'NONE', #1587, 0.09999999999999993616 ) ;
#2095 = EDGE_LOOP ( 'NONE', ( #821, #3013, #2209, #1455 ) ) ;
#2096 = DIRECTION ( 'NONE',  ( 0.000000000000000000, 1.000000000000000000, 0.000000000000000000 ) ) ;
#2097 = SURFACE_STYLE_USAGE ( .BOTH. , #2613 ) ;
#2098 = LINE ( 'NONE', #2535, #150 ) ;
#2099 = CARTESIAN_POINT ( 'NONE',  ( 0.7793923945929824848, 0.4502718074298952544, -0.7749999999999999112 ) ) ;
#2100 = CYLINDRICAL_SURFACE ( 'NONE', #1447, 0.09999999999999993616 ) ;
#2101 = CARTESIAN_POINT ( 'NONE',  ( 1.350000000000000089, 0.1690370196005579195, -1.125000000000000000 ) ) ;
#2102 = ORIENTED_EDGE ( 'NONE', *, *, #1848, .T. ) ;
#2103 = VECTOR ( 'NONE', #1477, 1000.000000000000114 ) ;
#2104 = EDGE_CURVE ( 'NONE', #2114, #1952, #3038, .T. ) ;
#2105 = VECTOR ( 'NONE', #1706, 1000.000000000000114 ) ;
#2106 = CARTESIAN_POINT ( 'NONE',  ( 0.9666326279058929938, 0.09058666578588239759, -0.7749999999999999112 ) ) ;
#2107 = VERTEX_POINT ( 'NONE', #1361 ) ;
#2108 = DIRECTION ( 'NONE',  ( -0.000000000000000000, -0.000000000000000000, -1.000000000000000000 ) ) ;
#2109 = ADVANCED_FACE ( 'NONE', ( #414 ), #635, .F. ) ;
#2110 = CARTESIAN_POINT ( 'NONE',  ( -0.8275630370946016612, 0.8750000000000226485, -1.125000000000000000 ) ) ;
#2111 = PLANE ( 'NONE',  #2719 ) ;
#2112 = CARTESIAN_POINT ( 'NONE',  ( -1.085978507810697380, 0.7809444605854740651, 0.1750000000000001277 ) ) ;
#2113 = DIRECTION ( 'NONE',  ( 0.000000000000000000, 1.000000000000000000, 0.000000000000000000 ) ) ;
#2114 = VERTEX_POINT ( 'NONE', #1313 ) ;
#2115 = CARTESIAN_POINT ( 'NONE',  ( -0.8275630370946016612, 0.8750000000000226485, -0.1749999999999999056 ) ) ;
#2116 = ORIENTED_EDGE ( 'NONE', *, *, #1579, .T. ) ;
#2117 = FACE_OUTER_BOUND ( 'NONE', #3067, .T. ) ;
#2118 = EDGE_CURVE ( 'NONE', #872, #2672, #1130, .T. ) ;
#2119 = LINE ( 'NONE', #430, #2292 ) ;
#2120 = VERTEX_POINT ( 'NONE', #2311 ) ;
#2121 = EDGE_CURVE ( 'NONE', #820, #3101, #2279, .T. ) ;
#2122 = CARTESIAN_POINT ( 'NONE',  ( 1.037807865309078537, 0.3562162680153466709, 1.125000000000000222 ) ) ;
#2123 = EDGE_CURVE ( 'NONE', #1235, #1351, #171, .T. ) ;
#2124 = SURFACE_STYLE_FILL_AREA ( #1616 ) ;
#2125 = DIRECTION ( 'NONE',  ( 0.000000000000000000, -0.000000000000000000, 1.000000000000000000 ) ) ;
#2126 = CARTESIAN_POINT ( 'NONE',  ( 0.7749999999999999112, 1.149999999999992584, 0.7750000000000001332 ) ) ;
#2127 = CARTESIAN_POINT ( 'NONE',  ( -0.7750000000000002442, 1.149999999999992140, -1.450000000000000400 ) ) ;
#2128 = VERTEX_POINT ( 'NONE', #2991 ) ;
#2129 = CARTESIAN_POINT ( 'NONE',  ( 1.037807865309078537, 0.3562162680153466709, -0.7749999999999999112 ) ) ;
#2130 = ORIENTED_EDGE ( 'NONE', *, *, #308, .T. ) ;
#2131 = VERTEX_POINT ( 'NONE', #3026 ) ;
#2132 = CLOSED_SHELL ( 'NONE', ( #537, #1305, #25, #10, #2553, #1614, #2661, #1938, #2864, #1335, #2109, #2418, #2822, #641, #1257, #1466 ) ) ;
#2133 = AXIS2_PLACEMENT_3D ( 'NONE', #927, #1638, #1391 ) ;
#2134 = DIRECTION ( 'NONE',  ( 1.000000000000000000, 0.000000000000000000, 0.000000000000000000 ) ) ;
#2135 = ADVANCED_FACE ( 'NONE', ( #850 ), #1821, .T. ) ;
#2136 = VECTOR ( 'NONE', #2526, 1000.000000000000000 ) ;
#2137 = LINE ( 'NONE', #932, #1804 ) ;
#2138 = SURFACE_STYLE_USAGE ( .BOTH. , #258 ) ;
#2139 = DIRECTION ( 'NONE',  ( -0.000000000000000000, -0.000000000000000000, -1.000000000000000000 ) ) ;
#2140 = CARTESIAN_POINT ( 'NONE',  ( -0.8275630370946016612, 0.8750000000000226485, 0.1750000000000001277 ) ) ;
#2141 = ORIENTED_EDGE ( 'NONE', *, *, #2783, .F. ) ;
#2142 = DIRECTION ( 'NONE',  ( -1.000000000000000000, 0.000000000000000000, 0.000000000000000000 ) ) ;
#2143 = ORIENTED_EDGE ( 'NONE', *, *, #98, .F. ) ;
#2144 = ORIENTED_EDGE ( 'NONE', *, *, #1242, .F. ) ;
#2145 = FACE_OUTER_BOUND ( 'NONE', #742, .T. ) ;
#2146 = VECTOR ( 'NONE', #2804, 1000.000000000000000 ) ;
#2147 =( GEOMETRIC_REPRESENTATION_CONTEXT ( 3 ) GLOBAL_UNCERTAINTY_ASSIGNED_CONTEXT ( ( #1864 ) ) GLOBAL_UNIT_ASSIGNED_CONTEXT ( ( #842, #1794, #824 ) ) REPRESENTATION_CONTEXT ( 'NONE', 'WORKASPACE' ) );
#2148 = VECTOR ( 'NONE', #3071, 1000.000000000000114 ) ;
#2149 = ADVANCED_FACE ( 'NONE', ( #1346 ), #144, .F. ) ;
#2150 = VECTOR ( 'NONE', #1840, 1000.000000000000000 ) ;
#2151 = CARTESIAN_POINT ( 'NONE',  ( -0.9215322991731923485, 0.8407979856674557828, 0.1750000000000001277 ) ) ;
#2152 = VECTOR ( 'NONE', #2964, 1000.000000000000000 ) ;
#2153 = CIRCLE ( 'NONE', #803, 0.2749999999999694911 ) ;
#2155 = ORIENTED_EDGE ( 'NONE', *, *, #1752, .F. ) ;
#2154 = ORIENTED_EDGE ( 'NONE', *, *, #2378, .F. ) ;
#2156 = CARTESIAN_POINT ( 'NONE',  ( 0.7793923945929824848, 0.4502718074298952544, -0.7749999999999999112 ) ) ;
#2157 = CARTESIAN_POINT ( 'NONE',  ( -1.304706667107066842, 0.000000000000000000, 1.125000000000000222 ) ) ;
#2158 = DIRECTION ( 'NONE',  ( -0.000000000000000000, -0.000000000000000000, -1.000000000000000000 ) ) ;
#2159 = DIRECTION ( 'NONE',  ( -1.000000000000000000, 0.000000000000000000, 0.000000000000000000 ) ) ;
#2160 = VERTEX_POINT ( 'NONE', #2088 ) ;
#2161 = EDGE_LOOP ( 'NONE', ( #1636, #2720, #1331, #885, #2973, #2274, #903, #2704, #765, #2102, #2978, #385, #1943, #2832 ) ) ;
#2162 = DIRECTION ( 'NONE',  ( -1.000000000000000000, 0.000000000000000000, 0.000000000000000000 ) ) ;
#2163 = ORIENTED_EDGE ( 'NONE', *, *, #313, .T. ) ;
#2164 = PLANE ( 'NONE',  #702 ) ;
#2165 = VECTOR ( 'NONE', #662, 1000.000000000000000 ) ;
#2166 = CARTESIAN_POINT ( 'NONE',  ( 0.9378078653090784478, 0.3562162680153466709, 1.125000000000000222 ) ) ;
#2167 = EDGE_LOOP ( 'NONE', ( #1071, #2649, #924, #250 ) ) ;
#2168 = DIRECTION ( 'NONE',  ( 1.000000000000000000, 0.000000000000000000, 0.000000000000000000 ) ) ;
#2169 = ORIENTED_EDGE ( 'NONE', *, *, #2322, .T. ) ;
#2170 = EDGE_CURVE ( 'NONE', #2390, #128, #1435, .T. ) ;
#2171 =( NAMED_UNIT ( * ) SI_UNIT ( $, .STERADIAN. ) SOLID_ANGLE_UNIT ( ) );
#2172 = CARTESIAN_POINT ( 'NONE',  ( -0.7750000000000002442, 0.9750000000000227374, 0.7750000000000001332 ) ) ;
#2173 = CARTESIAN_POINT ( 'NONE',  ( -0.4250000000000003220, 1.399999999999999911, -1.250000000000000222 ) ) ;
#2174 = CARTESIAN_POINT ( 'NONE',  ( -1.011925960798826463, 0.2596236853864398175, 1.125000000000000222 ) ) ;
#2175 = EDGE_CURVE ( 'NONE', #59, #1475, #1860, .T. ) ;
#2176 = EDGE_CURVE ( 'NONE', #745, #299, #2044, .T. ) ;
#2177 = ORIENTED_EDGE ( 'NONE', *, *, #1757, .F. ) ;
#2178 = DIRECTION ( 'NONE',  ( 0.000000000000000000, 0.000000000000000000, 1.000000000000000000 ) ) ;
#2179 = VERTEX_POINT ( 'NONE', #2820 ) ;
#2180 = ORIENTED_EDGE ( 'NONE', *, *, #129, .F. ) ;
#2181 = CARTESIAN_POINT ( 'NONE',  ( -0.7793923945929824848, 0.4502718074298952544, -0.7749999999999999112 ) ) ;
#2182 = VECTOR ( 'NONE', #1543, 1000.000000000000000 ) ;
#2183 = VECTOR ( 'NONE', #789, 1000.000000000000000 ) ;
#2184 = EDGE_CURVE ( 'NONE', #115, #389, #2618, .T. ) ;
#2185 = UNCERTAINTY_MEASURE_WITH_UNIT (LENGTH_MEASURE( 1.000000000000000082E-05 ), #2439, 'distance_accuracy_value', 'NONE');
#2186 = ORIENTED_EDGE ( 'NONE', *, *, #1917, .T. ) ;
#2187 = LINE ( 'NONE', #1960, #2736 ) ;
#2188 = EDGE_LOOP ( 'NONE', ( #446, #1708, #1304, #2486 ) ) ;
#2189 = DIRECTION ( 'NONE',  ( -1.000000000000000000, 0.000000000000000000, 0.000000000000000000 ) ) ;
#2190 = DIRECTION ( 'NONE',  ( 1.000000000000000000, 0.000000000000000000, 0.000000000000000000 ) ) ;
#2191 =( LENGTH_UNIT ( ) NAMED_UNIT ( * ) SI_UNIT ( .MILLI., .METRE. ) );
#2192 = VECTOR ( 'NONE', #2587, 1000.000000000000114 ) ;
#2193 = VERTEX_POINT ( 'NONE', #2865 ) ;
#2194 = CARTESIAN_POINT ( 'NONE',  ( 0.7628078653091089345, 0.3562162680153466709, -0.7749999999999999112 ) ) ;
#2195 = ORIENTED_EDGE ( 'NONE', *, *, #413, .F. ) ;
#2196 = DIRECTION ( 'NONE',  ( -0.000000000000000000, -0.000000000000000000, -1.000000000000000000 ) ) ;
#2197 =( LENGTH_UNIT ( ) NAMED_UNIT ( * ) SI_UNIT ( .MILLI., .METRE. ) );
#2198 = DIRECTION ( 'NONE',  ( -0.9659258262890680902, 0.2588190451025215166, 0.000000000000000000 ) ) ;
#2199 = CIRCLE ( 'NONE', #29, 0.09999999999999993616 ) ;
#2200 = ORIENTED_EDGE ( 'NONE', *, *, #1422, .T. ) ;
#2201 = DIRECTION ( 'NONE',  ( -0.000000000000000000, -0.000000000000000000, -1.000000000000000000 ) ) ;
#2202 = ORIENTED_EDGE ( 'NONE', *, *, #2923, .T. ) ;
#2203 = AXIS2_PLACEMENT_3D ( 'NONE', #1966, #8, #981 ) ;
#2204 = VECTOR ( 'NONE', #1979, 1000.000000000000000 ) ;
#2205 = CIRCLE ( 'NONE', #2757, 0.09999999999999993616 ) ;
#2206 = DIRECTION ( 'NONE',  ( 0.000000000000000000, 0.000000000000000000, 1.000000000000000000 ) ) ;
#2207 = CIRCLE ( 'NONE', #2609, 0.09999999999999993616 ) ;
#2208 = FACE_OUTER_BOUND ( 'NONE', #2759, .T. ) ;
#2209 = ORIENTED_EDGE ( 'NONE', *, *, #3081, .F. ) ;
#2210 = DIRECTION ( 'NONE',  ( -0.000000000000000000, -0.000000000000000000, -1.000000000000000000 ) ) ;
#2211 = DIRECTION ( 'NONE',  ( -1.000000000000000000, 0.000000000000000000, 0.000000000000000000 ) ) ;
#2212 = VERTEX_POINT ( 'NONE', #1437 ) ;
#2213 = DIRECTION ( 'NONE',  ( 0.000000000000000000, 0.000000000000000000, -1.000000000000000000 ) ) ;
#2214 = DIRECTION ( 'NONE',  ( 0.9659258262890680902, 0.2588190451025215166, 0.000000000000000000 ) ) ;
#2215 = DIRECTION ( 'NONE',  ( 1.000000000000000000, 0.000000000000000000, 0.000000000000000000 ) ) ;
#2216 = VERTEX_POINT ( 'NONE', #2371 ) ;
#2217 = EDGE_CURVE ( 'NONE', #26, #2658, #696, .T. ) ;
#2218 = AXIS2_PLACEMENT_3D ( 'NONE', #3111, #2588, #2357 ) ;
#2219 = EDGE_CURVE ( 'NONE', #2703, #4, #1652, .T. ) ;
#2220 = ORIENTED_EDGE ( 'NONE', *, *, #2030, .F. ) ;
#2221 = DIRECTION ( 'NONE',  ( 0.000000000000000000, 0.000000000000000000, 1.000000000000000000 ) ) ;
#2222 = EDGE_LOOP ( 'NONE', ( #1469, #2177, #2752, #292 ) ) ;
#2223 = VECTOR ( 'NONE', #132, 1000.000000000000227 ) ;
#2224 = EDGE_CURVE ( 'NONE', #857, #1876, #477, .T. ) ;
#2225 =( LENGTH_UNIT ( ) NAMED_UNIT ( * ) SI_UNIT ( .MILLI., .METRE. ) );
#2226 = DIRECTION ( 'NONE',  ( -0.000000000000000000, -0.000000000000000000, -1.000000000000000000 ) ) ;
#2227 = CARTESIAN_POINT ( 'NONE',  ( 0.7749999999999996891, 0.1499999999999999944, -1.341386689490398521 ) ) ;
#2228 = EDGE_CURVE ( 'NONE', #1748, #1374, #710, .T. ) ;
#2229 = ORIENTED_EDGE ( 'NONE', *, *, #336, .T. ) ;
#2230 = EDGE_CURVE ( 'NONE', #886, #2651, #427, .T. ) ;
#2231 = DIRECTION ( 'NONE',  ( -1.000000000000000000, 0.000000000000000000, 0.000000000000000000 ) ) ;
#2232 = DIRECTION ( 'NONE',  ( 1.000000000000000000, 0.000000000000000000, 0.000000000000000000 ) ) ;
#2233 = VERTEX_POINT ( 'NONE', #473 ) ;
#2234 = CARTESIAN_POINT ( 'NONE',  ( -0.7793923945929824848, 0.4502718074298952544, -0.7749999999999999112 ) ) ;
#2235 = LINE ( 'NONE', #1286, #1449 ) ;
#2236 = ORIENTED_EDGE ( 'NONE', *, *, #911, .F. ) ;
#2237 = VERTEX_POINT ( 'NONE', #2602 ) ;
#2238 = LINE ( 'NONE', #1510, #1232 ) ;
#2239 = VECTOR ( 'NONE', #1065, 1000.000000000000000 ) ;
#2240 = VECTOR ( 'NONE', #1181, 1000.000000000000000 ) ;
#2241 = ORIENTED_EDGE ( 'NONE', *, *, #407, .F. ) ;
#2242 = DIRECTION ( 'NONE',  ( -0.000000000000000000, -0.000000000000000000, -1.000000000000000000 ) ) ;
#2243 = CARTESIAN_POINT ( 'NONE',  ( -1.011925960798826463, 0.2596236853864398175, 0.1750000000000001277 ) ) ;
#2244 = DIRECTION ( 'NONE',  ( -1.000000000000000000, 0.000000000000000000, 0.000000000000000000 ) ) ;
#2245 = CARTESIAN_POINT ( 'NONE',  ( -0.7750000000000002442, 0.1499999999999999944, 1.341386689490397632 ) ) ;
#2246 = AXIS2_PLACEMENT_3D ( 'NONE', #266, #2447, #1239 ) ;
#2247 = EDGE_LOOP ( 'NONE', ( #2824, #2810, #85, #2517 ) ) ;
#2248 = CARTESIAN_POINT ( 'NONE',  ( -1.037807865309078537, 0.3562162680153466709, -0.7749999999999999112 ) ) ;
#2249 = DIRECTION ( 'NONE',  ( 0.000000000000000000, 1.000000000000000000, 0.000000000000000000 ) ) ;
#2250 = AXIS2_PLACEMENT_3D ( 'NONE', #428, #1174, #2356 ) ;
#2251 = CARTESIAN_POINT ( 'NONE',  ( 1.011925960798826463, 0.2596236853864398175, -0.7749999999999999112 ) ) ;
#2252 = ADVANCED_FACE ( 'NONE', ( #1623 ), #1208, .T. ) ;
#2253 = ORIENTED_EDGE ( 'NONE', *, *, #890, .F. ) ;
#2254 = VERTEX_POINT ( 'NONE', #2630 ) ;
#2255 = PRESENTATION_STYLE_ASSIGNMENT (( #766 ) ) ;
#2256 = ORIENTED_EDGE ( 'NONE', *, *, #9, .T. ) ;
#2257 = ADVANCED_FACE ( 'NONE', ( #2880 ), #227, .F. ) ;
#2258 = EDGE_CURVE ( 'NONE', #3017, #1363, #969, .T. ) ;
#2259 = FACE_OUTER_BOUND ( 'NONE', #2748, .T. ) ;
#2260 = VECTOR ( 'NONE', #2878, 1000.000000000000114 ) ;
#2261 = VECTOR ( 'NONE', #2992, 1000.000000000000000 ) ;
#2262 = ORIENTED_EDGE ( 'NONE', *, *, #592, .T. ) ;
#2263 = CARTESIAN_POINT ( 'NONE',  ( -0.7750000000000002442, 1.149999999999992140, -0.7749999999999999112 ) ) ;
#2264 = DIRECTION ( 'NONE',  ( -0.3420201433256686019, 0.9396926207859085389, 0.000000000000000000 ) ) ;
#2265 = EDGE_CURVE ( 'NONE', #464, #1275, #1387, .T. ) ;
#2266 = DIRECTION ( 'NONE',  ( -0.000000000000000000, -0.000000000000000000, -1.000000000000000000 ) ) ;
#2267 = EDGE_LOOP ( 'NONE', ( #846, #2690, #574, #1072 ) ) ;
#2268 = ORIENTED_EDGE ( 'NONE', *, *, #1754, .F. ) ;
#2269 = ORIENTED_EDGE ( 'NONE', *, *, #673, .F. ) ;
#2270 = APPLICATION_PROTOCOL_DEFINITION ( 'draft international standard', 'automotive_design', 1998, #926 ) ;
#2271 = CARTESIAN_POINT ( 'NONE',  ( 1.304706667107066842, 5.853375736277808971E-16, -1.125000000000000000 ) ) ;
#2272 = LINE ( 'NONE', #618, #1499 ) ;
#2273 = EDGE_CURVE ( 'NONE', #2107, #870, #216, .T. ) ;
#2274 = ORIENTED_EDGE ( 'NONE', *, *, #2695, .T. ) ;
#2275 = CYLINDRICAL_SURFACE ( 'NONE', #1780, 0.2749999999999694911 ) ;
#2276 = PLANE ( 'NONE',  #183 ) ;
#2277 = EDGE_CURVE ( 'NONE', #95, #2797, #1838, .T. ) ;
#2278 = EDGE_CURVE ( 'NONE', #1911, #2068, #1453, .T. ) ;
#2279 = LINE ( 'NONE', #2342, #986 ) ;
#2280 = CARTESIAN_POINT ( 'NONE',  ( 0.7749999999999999112, 0.9750000000000231815, 1.125000000000000222 ) ) ;
#2282 = ORIENTED_EDGE ( 'NONE', *, *, #660, .F. ) ;
#2281 = ORIENTED_EDGE ( 'NONE', *, *, #202, .T. ) ;
#2283 = VERTEX_POINT ( 'NONE', #1161 ) ;
#2284 = DIRECTION ( 'NONE',  ( 1.000000000000000000, 0.000000000000000000, 0.000000000000000000 ) ) ;
#2285 = EDGE_LOOP ( 'NONE', ( #806, #728, #1812, #2603 ) ) ;
#2286 = EDGE_CURVE ( 'NONE', #1368, #1823, #3063, .T. ) ;
#2287 = SURFACE_STYLE_USAGE ( .BOTH. , #332 ) ;
#2288 = DIRECTION ( 'NONE',  ( -1.000000000000000000, 0.000000000000000000, 0.000000000000000000 ) ) ;
#2289 = CARTESIAN_POINT ( 'NONE',  ( -0.6663866894903984761, 0.1499999999999999944, 1.341386689490397632 ) ) ;
#2290 = CARTESIAN_POINT ( 'NONE',  ( -0.8275630370946016612, 0.9750000000000226263, -1.125000000000000000 ) ) ;
#2291 = VERTEX_POINT ( 'NONE', #1404 ) ;
#2292 = VECTOR ( 'NONE', #1212, 1000.000000000000000 ) ;
#2293 = LINE ( 'NONE', #663, #2850 ) ;
#2294 = DIRECTION ( 'NONE',  ( -0.000000000000000000, 1.000000000000000000, -0.000000000000000000 ) ) ;
#2295 = DIRECTION ( 'NONE',  ( -0.000000000000000000, -0.000000000000000000, -1.000000000000000000 ) ) ;
#2296 = CARTESIAN_POINT ( 'NONE',  ( -1.085978507810697380, 0.7809444605854740651, -0.7749999999999999112 ) ) ;
#2298 = VERTEX_POINT ( 'NONE', #940 ) ;
#2297 = ORIENTED_EDGE ( 'NONE', *, *, #2286, .F. ) ;
#2299 = VERTEX_POINT ( 'NONE', #2428 ) ;
#2300 = CARTESIAN_POINT ( 'NONE',  ( -1.011925960798826463, 0.2596236853864398175, -0.1749999999999999056 ) ) ;
#2301 = ORIENTED_EDGE ( 'NONE', *, *, #2431, .F. ) ;
#2302 = SURFACE_STYLE_FILL_AREA ( #2491 ) ;
#2303 = CARTESIAN_POINT ( 'NONE',  ( -0.7750000000000002442, 1.149999999999992140, 1.449999999999999512 ) ) ;
#2304 = CARTESIAN_POINT ( 'NONE',  ( 0.9378078653090784478, 0.3562162680153466709, -0.7749999999999999112 ) ) ;
#2305 = CARTESIAN_POINT ( 'NONE',  ( -1.304706667107066842, 0.000000000000000000, 0.1750000000000001277 ) ) ;
#2306 = FACE_OUTER_BOUND ( 'NONE', #106, .T. ) ;
#2307 = LINE ( 'NONE', #383, #1349 ) ;
#2308 = AXIS2_PLACEMENT_3D ( 'NONE', #2328, #2525, #1563 ) ;
#2309 = VECTOR ( 'NONE', #2139, 1000.000000000000000 ) ;
#2310 = AXIS2_PLACEMENT_3D ( 'NONE', #204, #2108, #2611 ) ;
#2311 = CARTESIAN_POINT ( 'NONE',  ( 0.9438386032304877382, 0.3904182823479135922, 0.7750000000000001332 ) ) ;
#2312 = VECTOR ( 'NONE', #1737, 1000.000000000000000 ) ;
#2313 = AXIS2_PLACEMENT_3D ( 'NONE', #500, #2438, #71 ) ;
#2315 = ORIENTED_EDGE ( 'NONE', *, *, #887, .F. ) ;
#2314 = ORIENTED_EDGE ( 'NONE', *, *, #2025, .T. ) ;
#2316 = AXIS2_PLACEMENT_3D ( 'NONE', #1992, #1226, #749 ) ;
#2317 = ORIENTED_EDGE ( 'NONE', *, *, #1194, .F. ) ;
#2318 = DIRECTION ( 'NONE',  ( 0.000000000000000000, 0.000000000000000000, 1.000000000000000000 ) ) ;
#2319 = EDGE_CURVE ( 'NONE', #2993, #59, #2915, .T. ) ;
#2320 = EDGE_LOOP ( 'NONE', ( #366, #2031, #1534, #2416, #415, #734, #1056, #13, #348, #2078, #1261, #2229, #531, #3027 ) ) ;
#2321 = EDGE_CURVE ( 'NONE', #2054, #271, #1483, .T. ) ;
#2322 = EDGE_CURVE ( 'NONE', #929, #160, #1629, .T. ) ;
#2323 = DIRECTION ( 'NONE',  ( 0.000000000000000000, 0.000000000000000000, 1.000000000000000000 ) ) ;
#2324 = EDGE_CURVE ( 'NONE', #1876, #1597, #2896, .T. ) ;
#2325 = CIRCLE ( 'NONE', #2860, 0.1000000000000000472 ) ;
#2326 = DIRECTION ( 'NONE',  ( -0.9914448613738108262, 0.1305261922200485480, 0.000000000000000000 ) ) ;
#2327 = DIRECTION ( 'NONE',  ( -0.9659258262890680902, -0.2588190451025215721, 0.000000000000000000 ) ) ;
#2328 = CARTESIAN_POINT ( 'NONE',  ( 1.037807865309078537, 0.3562162680153466709, 0.7750000000000001332 ) ) ;
#2329 = EDGE_CURVE ( 'NONE', #1475, #1748, #2094, .T. ) ;
#2330 = DIRECTION ( 'NONE',  ( -0.000000000000000000, -0.000000000000000000, -1.000000000000000000 ) ) ;
#2332 = ORIENTED_EDGE ( 'NONE', *, *, #1878, .T. ) ;
#2331 = ORIENTED_EDGE ( 'NONE', *, *, #449, .T. ) ;
#2333 = CARTESIAN_POINT ( 'NONE',  ( 0.000000000000000000, 0.1499999999999999944, -1.341386689490398521 ) ) ;
#2334 = ORIENTED_EDGE ( 'NONE', *, *, #2983, .T. ) ;
#2335 = DIRECTION ( 'NONE',  ( 0.000000000000000000, 1.000000000000000000, 0.000000000000000000 ) ) ;
#2336 = DIRECTION ( 'NONE',  ( -1.000000000000000000, 0.000000000000000000, 0.000000000000000000 ) ) ;
#2337 = DIRECTION ( 'NONE',  ( 0.000000000000000000, 1.000000000000000000, 0.000000000000000000 ) ) ;
#2338 = CARTESIAN_POINT ( 'NONE',  ( -0.8275630370946016612, 0.8750000000000226485, 1.125000000000000222 ) ) ;
#2339 = AXIS2_PLACEMENT_3D ( 'NONE', #2922, #2221, #1996 ) ;
#2340 = VECTOR ( 'NONE', #22, 1000.000000000000000 ) ;
#2341 = EDGE_CURVE ( 'NONE', #1074, #2033, #170, .T. ) ;
#2342 = CARTESIAN_POINT ( 'NONE',  ( 1.304706667107066842, 5.853375736277808971E-16, 1.125000000000000222 ) ) ;
#2343 = ORIENTED_EDGE ( 'NONE', *, *, #2741, .T. ) ;
#2344 = CARTESIAN_POINT ( 'NONE',  ( 1.304706667107066842, 5.853375736277808971E-16, 1.125000000000000222 ) ) ;
#2345 = AXIS2_PLACEMENT_3D ( 'NONE', #27, #1987, #2211 ) ;
#2346 = ORIENTED_EDGE ( 'NONE', *, *, #1118, .T. ) ;
#2347 = FACE_OUTER_BOUND ( 'NONE', #2995, .T. ) ;
#2348 = EDGE_CURVE ( 'NONE', #2372, #2160, #1932, .T. ) ;
#2349 = CARTESIAN_POINT ( 'NONE',  ( 0.7749999999999999112, 1.149999999999992584, -0.7749999999999999112 ) ) ;
#2350 = PLANE ( 'NONE',  #701 ) ;
#2351 = DIRECTION ( 'NONE',  ( 0.9659258262890680902, 0.2588190451025215166, -0.000000000000000000 ) ) ;
#2352 = CARTESIAN_POINT ( 'NONE',  ( -0.7793923945929824848, 0.4502718074298951989, -1.125000000000000000 ) ) ;
#2353 = ORIENTED_EDGE ( 'NONE', *, *, #3047, .F. ) ;
#2354 = AXIS2_PLACEMENT_3D ( 'NONE', #1321, #2533, #1356 ) ;
#2355 = EDGE_CURVE ( 'NONE', #2907, #861, #1000, .T. ) ;
#2356 = DIRECTION ( 'NONE',  ( -1.000000000000000000, 0.000000000000000000, 0.000000000000000000 ) ) ;
#2357 = DIRECTION ( 'NONE',  ( -1.000000000000000000, -2.062670333402142502E-15, 0.000000000000000000 ) ) ;
#2358 = EDGE_CURVE ( 'NONE', #547, #1368, #1988, .T. ) ;
#2359 = VECTOR ( 'NONE', #1830, 1000.000000000000114 ) ;
#2360 = AXIS2_PLACEMENT_3D ( 'NONE', #1896, #3068, #1642 ) ;
#2361 = CIRCLE ( 'NONE', #539, 0.1499999999999998557 ) ;
#2362 = CARTESIAN_POINT ( 'NONE',  ( 0.6663866894903979210, 0.1499999999999999944, -1.341386689490398521 ) ) ;
#2363 = ORIENTED_EDGE ( 'NONE', *, *, #755, .F. ) ;
#2364 = DIRECTION ( 'NONE',  ( -0.9396926207859085389, 0.3420201433256686019, 0.000000000000000000 ) ) ;
#2365 =( NAMED_UNIT ( * ) SI_UNIT ( $, .STERADIAN. ) SOLID_ANGLE_UNIT ( ) );
#2366 = DIRECTION ( 'NONE',  ( 0.000000000000000000, 0.000000000000000000, 1.000000000000000000 ) ) ;
#2367 = DIRECTION ( 'NONE',  ( 0.2588190451025215166, -0.9659258262890680902, 0.000000000000000000 ) ) ;
#2368 = DIRECTION ( 'NONE',  ( -1.000000000000000000, 0.000000000000000000, 0.000000000000000000 ) ) ;
#2369 = ORIENTED_EDGE ( 'NONE', *, *, #2733, .T. ) ;
#2370 = VECTOR ( 'NONE', #1720, 1000.000000000000000 ) ;
#2371 = CARTESIAN_POINT ( 'NONE',  ( -0.9215322991731923485, 0.8407979856674557828, 1.125000000000000222 ) ) ;
#2372 = VERTEX_POINT ( 'NONE', #983 ) ;
#2373 = ADVANCED_FACE ( 'NONE', ( #1718 ), #1254, .T. ) ;
#2374 = VECTOR ( 'NONE', #2576, 1000.000000000000000 ) ;
#2375 = CARTESIAN_POINT ( 'NONE',  ( 0.8275630370946016612, 0.9750000000000226263, -0.7749999999999999112 ) ) ;
#2376 = DIRECTION ( 'NONE',  ( -0.000000000000000000, -0.000000000000000000, -1.000000000000000000 ) ) ;
#2377 = PLANE ( 'NONE',  #2607 ) ;
#2378 = EDGE_CURVE ( 'NONE', #2578, #1835, #1751, .T. ) ;
#2379 = DIRECTION ( 'NONE',  ( -1.000000000000000000, 0.000000000000000000, 0.000000000000000000 ) ) ;
#2380 = FACE_OUTER_BOUND ( 'NONE', #2267, .T. ) ;
#2381 = CARTESIAN_POINT ( 'NONE',  ( -0.7750000000000002442, 1.149999999999992140, 0.7750000000000001332 ) ) ;
#2382 = EDGE_LOOP ( 'NONE', ( #474, #3088, #2043, #1125 ) ) ;
#2383 = CARTESIAN_POINT ( 'NONE',  ( 0.7793923945929824848, 0.4502718074298952544, -1.125000000000000000 ) ) ;
#2384 = ORIENTED_EDGE ( 'NONE', *, *, #2324, .T. ) ;
#2385 = DIRECTION ( 'NONE',  ( 0.9914448613738109373, -0.1305261922200483260, 0.000000000000000000 ) ) ;
#2386 = VECTOR ( 'NONE', #2589, 1000.000000000000000 ) ;
#2387 = CARTESIAN_POINT ( 'NONE',  ( -1.350000000000000089, 0.1690370196005573089, 1.125000000000000222 ) ) ;
#2388 = AXIS2_PLACEMENT_3D ( 'NONE', #2945, #1701, #1034 ) ;
#2389 = DIRECTION ( 'NONE',  ( 0.000000000000000000, -0.000000000000000000, 1.000000000000000000 ) ) ;
#2391 = ORIENTED_EDGE ( 'NONE', *, *, #604, .F. ) ;
#2390 = VERTEX_POINT ( 'NONE', #2194 ) ;
#2392 = CARTESIAN_POINT ( 'NONE',  ( -1.102563037094570930, 0.8750000000000226485, -0.7749999999999999112 ) ) ;
#2393 = LINE ( 'NONE', #2112, #949 ) ;
#2394 = CARTESIAN_POINT ( 'NONE',  ( -0.7750000000000002442, 1.149999999999992140, -0.1749999999999999056 ) ) ;
#2395 = EDGE_LOOP ( 'NONE', ( #1377, #3012, #2498, #2483 ) ) ;
#2396 = ORIENTED_EDGE ( 'NONE', *, *, #592, .F. ) ;
#2397 = DIRECTION ( 'NONE',  ( -0.000000000000000000, -0.000000000000000000, -1.000000000000000000 ) ) ;
#2398 = ORIENTED_EDGE ( 'NONE', *, *, #2273, .T. ) ;
#2399 = EDGE_LOOP ( 'NONE', ( #1121, #1936, #2331, #2514 ) ) ;
#2400 = CARTESIAN_POINT ( 'NONE',  ( 0.9438386032304877382, 0.3904182823479135922, 1.125000000000000222 ) ) ;
#2401 = AXIS2_PLACEMENT_3D ( 'NONE', #1939, #1055, #1038 ) ;
#2402 = AXIS2_PLACEMENT_3D ( 'NONE', #455, #2662, #1431 ) ;
#2403 = EDGE_LOOP ( 'NONE', ( #2871, #2844, #2563, #103 ) ) ;
#2404 = LINE ( 'NONE', #463, #1641 ) ;
#2405 = VECTOR ( 'NONE', #324, 1000.000000000000000 ) ;
#2406 = EDGE_CURVE ( 'NONE', #989, #214, #82, .T. ) ;
#2407 = VECTOR ( 'NONE', #1196, 1000.000000000000000 ) ;
#2408 = ORIENTED_EDGE ( 'NONE', *, *, #1994, .F. ) ;
#2409 = ADVANCED_FACE ( 'NONE', ( #533 ), #2715, .F. ) ;
#2410 = CARTESIAN_POINT ( 'NONE',  ( -0.6663866894903984761, 0.1499999999999999944, -1.450000000000000400 ) ) ;
#2411 = DIRECTION ( 'NONE',  ( 0.000000000000000000, 1.000000000000000000, 0.000000000000000000 ) ) ;
#2412 = CARTESIAN_POINT ( 'NONE',  ( -1.011925960798826463, 0.2596236853864398175, -0.7749999999999999112 ) ) ;
#2413 = LINE ( 'NONE', #76, #3002 ) ;
#2414 = ORIENTED_EDGE ( 'NONE', *, *, #1688, .F. ) ;
#2415 = CARTESIAN_POINT ( 'NONE',  ( -1.304706667107066842, 0.000000000000000000, -1.125000000000000000 ) ) ;
#2416 = ORIENTED_EDGE ( 'NONE', *, *, #1757, .T. ) ;
#2417 = LINE ( 'NONE', #1224, #1730 ) ;
#2418 = ADVANCED_FACE ( 'NONE', ( #1954 ), #1532, .T. ) ;
#2419 = DIRECTION ( 'NONE',  ( 1.000000000000000000, 0.000000000000000000, 0.000000000000000000 ) ) ;
#2420 = ORIENTED_EDGE ( 'NONE', *, *, #1006, .T. ) ;
#2421 = LINE ( 'NONE', #272, #1104 ) ;
#2422 = ORIENTED_EDGE ( 'NONE', *, *, #2986, .F. ) ;
#2423 = CARTESIAN_POINT ( 'NONE',  ( 0.7355042507237807836, 1.449999999999999956, 0.000000000000000000 ) ) ;
#2424 = DIRECTION ( 'NONE',  ( 0.000000000000000000, 0.000000000000000000, 1.000000000000000000 ) ) ;
#2425 = CARTESIAN_POINT ( 'NONE',  ( 1.037807865309078537, 0.3562162680153466709, 1.125000000000000222 ) ) ;
#2426 = DIRECTION ( 'NONE',  ( -1.000000000000000000, 0.000000000000000000, 0.000000000000000000 ) ) ;
#2427 = ORIENTED_EDGE ( 'NONE', *, *, #2123, .F. ) ;
#2428 = CARTESIAN_POINT ( 'NONE',  ( 0.7355042507237807836, 1.449999999999999956, 1.410504250723780606 ) ) ;
#2429 = ORIENTED_EDGE ( 'NONE', *, *, #2582, .F. ) ;
#2430 = PLANE ( 'NONE',  #609 ) ;
#2431 = EDGE_CURVE ( 'NONE', #2797, #1995, #1051, .T. ) ;
#2432 = CARTESIAN_POINT ( 'NONE',  ( 1.037807865309078537, 0.3562162680153466709, 1.125000000000000222 ) ) ;
#2433 = DIRECTION ( 'NONE',  ( -1.000000000000000000, 0.000000000000000000, 0.000000000000000000 ) ) ;
#2434 = VECTOR ( 'NONE', #1784, 1000.000000000000227 ) ;
#2435 = ORIENTED_EDGE ( 'NONE', *, *, #3081, .T. ) ;
#2436 =( NAMED_UNIT ( * ) PLANE_ANGLE_UNIT ( ) SI_UNIT ( $, .RADIAN. ) );
#2437 = EDGE_LOOP ( 'NONE', ( #982, #2547, #1885, #1136 ) ) ;
#2438 = DIRECTION ( 'NONE',  ( 0.000000000000000000, 0.000000000000000000, 1.000000000000000000 ) ) ;
#2439 =( LENGTH_UNIT ( ) NAMED_UNIT ( * ) SI_UNIT ( .MILLI., .METRE. ) );
#2440 = CARTESIAN_POINT ( 'NONE',  ( -0.8275630370946016612, 0.8750000000000226485, 1.125000000000000222 ) ) ;
#2441 = DIRECTION ( 'NONE',  ( -0.000000000000000000, -0.000000000000000000, -1.000000000000000000 ) ) ;
#2442 = ORIENTED_EDGE ( 'NONE', *, *, #2121, .F. ) ;
#2443 = LINE ( 'NONE', #2495, #2788 ) ;
#2444 = CARTESIAN_POINT ( 'NONE',  ( -0.4250000000000003220, 1.449999999999999956, -1.100000000000000311 ) ) ;
#2445 = VERTEX_POINT ( 'NONE', #519 ) ;
#2446 = ADVANCED_FACE ( 'NONE', ( #61 ), #1771, .T. ) ;
#2447 = DIRECTION ( 'NONE',  ( -0.000000000000000000, -0.000000000000000000, -1.000000000000000000 ) ) ;
#2448 = FACE_OUTER_BOUND ( 'NONE', #2888, .T. ) ;
#2449 = EDGE_CURVE ( 'NONE', #1823, #1336, #570, .T. ) ;
#2450 = CARTESIAN_POINT ( 'NONE',  ( 0.7793923945929824848, 0.4502718074298952544, -0.7749999999999999112 ) ) ;
#2451 = ORIENTED_EDGE ( 'NONE', *, *, #1457, .F. ) ;
#2452 = VECTOR ( 'NONE', #2226, 1000.000000000000000 ) ;
#2453 = ORIENTED_EDGE ( 'NONE', *, *, #1579, .F. ) ;
#2454 =( LENGTH_UNIT ( ) NAMED_UNIT ( * ) SI_UNIT ( .MILLI., .METRE. ) );
#2455 = EDGE_CURVE ( 'NONE', #2658, #1835, #2930, .T. ) ;
#2456 = ORIENTED_EDGE ( 'NONE', *, *, #1651, .F. ) ;
#2457 = COLOUR_RGB ( '',0.7921568627450980005, 0.8196078431372548767, 0.9333333333333333481 ) ;
#2458 = VECTOR ( 'NONE', #606, 1000.000000000000000 ) ;
#2459 = VECTOR ( 'NONE', #685, 1000.000000000000000 ) ;
#2460 = PLANE ( 'NONE',  #396 ) ;
#2461 = LINE ( 'NONE', #2243, #1798 ) ;
#2462 =( GEOMETRIC_REPRESENTATION_CONTEXT ( 3 ) GLOBAL_UNCERTAINTY_ASSIGNED_CONTEXT ( ( #1590 ) ) GLOBAL_UNIT_ASSIGNED_CONTEXT ( ( #2191, #757, #810 ) ) REPRESENTATION_CONTEXT ( 'NONE', 'WORKASPACE' ) );
#2463 = CIRCLE ( 'NONE', #235, 0.09999999999999993616 ) ;
#2464 = DIRECTION ( 'NONE',  ( 0.9659258262890682012, 0.2588190451025212391, 0.000000000000000000 ) ) ;
#2465 = SURFACE_SIDE_STYLE ('',( #1495 ) ) ;
#2466 = VERTEX_POINT ( 'NONE', #1116 ) ;
#2467 = DIRECTION ( 'NONE',  ( -0.000000000000000000, -0.000000000000000000, -1.000000000000000000 ) ) ;
#2468 = CARTESIAN_POINT ( 'NONE',  ( -1.011925960798826463, 0.2596236853864398175, 1.125000000000000222 ) ) ;
#2469 = ORIENTED_EDGE ( 'NONE', *, *, #2219, .T. ) ;
#2470 = DIRECTION ( 'NONE',  ( 0.000000000000000000, 0.000000000000000000, 1.000000000000000000 ) ) ;
#2471 = PLANE ( 'NONE',  #2010 ) ;
#2472 = LINE ( 'NONE', #987, #1155 ) ;
#2473 = VERTEX_POINT ( 'NONE', #1312 ) ;
#2474 = AXIS2_PLACEMENT_3D ( 'NONE', #632, #178, #2336 ) ;
#2475 = ORIENTED_EDGE ( 'NONE', *, *, #2278, .T. ) ;
#2476 = LINE ( 'NONE', #1709, #580 ) ;
#2477 = AXIS2_PLACEMENT_3D ( 'NONE', #2746, #1551, #111 ) ;
#2478 = CARTESIAN_POINT ( 'NONE',  ( 0.7793923945929824848, 0.4502718074298952544, 0.7750000000000001332 ) ) ;
#2479 = ORIENTED_EDGE ( 'NONE', *, *, #772, .F. ) ;
#2480 = DIRECTION ( 'NONE',  ( 0.000000000000000000, 0.000000000000000000, -1.000000000000000000 ) ) ;
#2481 = CARTESIAN_POINT ( 'NONE',  ( -1.011925960798826463, 0.2596236853864398175, -1.125000000000000000 ) ) ;
#2482 = CARTESIAN_POINT ( 'NONE',  ( -0.7750000000000002442, 1.449999999999999956, -1.410504250723781494 ) ) ;
#2483 = ORIENTED_EDGE ( 'NONE', *, *, #2807, .T. ) ;
#2484 = ADVANCED_FACE ( 'NONE', ( #2086 ), #354, .F. ) ;
#2485 = EDGE_CURVE ( 'NONE', #941, #1060, #2793, .T. ) ;
#2486 = ORIENTED_EDGE ( 'NONE', *, *, #813, .F. ) ;
#2487 = DIRECTION ( 'NONE',  ( -0.000000000000000000, 1.000000000000000000, -0.000000000000000000 ) ) ;
#2488 = AXIS2_PLACEMENT_3D ( 'NONE', #2796, #1580, #1146 ) ;
#2489 = AXIS2_PLACEMENT_3D ( 'NONE', #3070, #2366, #2856 ) ;
#2490 = ORIENTED_EDGE ( 'NONE', *, *, #583, .T. ) ;
#2491 = FILL_AREA_STYLE ('',( #893 ) ) ;
#2492 = CARTESIAN_POINT ( 'NONE',  ( -0.4250000000000003220, 1.399999999999999911, -1.100000000000000311 ) ) ;
#2493 = DIRECTION ( 'NONE',  ( 0.000000000000000000, 0.000000000000000000, 1.000000000000000000 ) ) ;
#2494 = EDGE_LOOP ( 'NONE', ( #100, #1871 ) ) ;
#2495 = CARTESIAN_POINT ( 'NONE',  ( 1.011925960798826463, 0.2596236853864398175, 1.125000000000000222 ) ) ;
#2496 = CARTESIAN_POINT ( 'NONE',  ( -0.7750000000000002442, 1.149999999999992140, 1.449999999999999512 ) ) ;
#2497 = CARTESIAN_POINT ( 'NONE',  ( -1.102563037094570930, 0.8750000000000226485, -0.7749999999999999112 ) ) ;
#2498 = ORIENTED_EDGE ( 'NONE', *, *, #2184, .T. ) ;
#2499 = EDGE_CURVE ( 'NONE', #214, #2501, #2307, .T. ) ;
#2500 = ORIENTED_EDGE ( 'NONE', *, *, #879, .T. ) ;
#2501 = VERTEX_POINT ( 'NONE', #849 ) ;
#2502 = CARTESIAN_POINT ( 'NONE',  ( -0.8275630370946016612, 0.9750000000000226263, -0.7749999999999999112 ) ) ;
#2503 = FACE_OUTER_BOUND ( 'NONE', #1810, .T. ) ;
#2504 = ADVANCED_FACE ( 'NONE', ( #2511 ), #2276, .F. ) ;
#2505 = VECTOR ( 'NONE', #1883, 1000.000000000000000 ) ;
#2506 = AXIS2_PLACEMENT_3D ( 'NONE', #2839, #2624, #2389 ) ;
#2507 = VECTOR ( 'NONE', #1402, 1000.000000000000000 ) ;
#2508 = CIRCLE ( 'NONE', #2401, 0.2749999999999692690 ) ;
#2509 = VERTEX_POINT ( 'NONE', #2075 ) ;
#2510 = CARTESIAN_POINT ( 'NONE',  ( 0.7749999999999999112, 0.9750000000000231815, -0.7749999999999999112 ) ) ;
#2511 = FACE_OUTER_BOUND ( 'NONE', #836, .T. ) ;
#2512 = DIRECTION ( 'NONE',  ( 0.000000000000000000, 0.000000000000000000, 1.000000000000000000 ) ) ;
#2513 = CARTESIAN_POINT ( 'NONE',  ( -0.9666326279058929938, 0.09058666578588239759, -0.7749999999999999112 ) ) ;
#2515 = EDGE_LOOP ( 'NONE', ( #2769, #1515, #319, #3091 ) ) ;
#2514 = ORIENTED_EDGE ( 'NONE', *, *, #2355, .T. ) ;
#2516 = EDGE_CURVE ( 'NONE', #1368, #2670, #2556, .T. ) ;
#2517 = ORIENTED_EDGE ( 'NONE', *, *, #237, .T. ) ;
#2518 = CARTESIAN_POINT ( 'NONE',  ( 1.085978507810697158, 0.7809444605854741761, -0.7749999999999999112 ) ) ;
#2519 = ORIENTED_EDGE ( 'NONE', *, *, #2219, .F. ) ;
#2520 = LINE ( 'NONE', #1814, #817 ) ;
#2521 = CARTESIAN_POINT ( 'NONE',  ( 0.000000000000000000, 1.449999999999999956, -1.410504250723781494 ) ) ;
#2522 = VECTOR ( 'NONE', #126, 1000.000000000000227 ) ;
#2523 = ORIENTED_EDGE ( 'NONE', *, *, #2329, .T. ) ;
#2524 = PLANE ( 'NONE',  #1497 ) ;
#2525 = DIRECTION ( 'NONE',  ( -0.000000000000000000, -0.000000000000000000, -1.000000000000000000 ) ) ;
#2526 = DIRECTION ( 'NONE',  ( -0.000000000000000000, -0.000000000000000000, -1.000000000000000000 ) ) ;
#2527 = CARTESIAN_POINT ( 'NONE',  ( 0.7749999999999996891, -3.288236609491476337, 1.449999999999999512 ) ) ;
#2529 = ORIENTED_EDGE ( 'NONE', *, *, #3020, .T. ) ;
#2528 = ORIENTED_EDGE ( 'NONE', *, *, #1712, .T. ) ;
#2530 = ORIENTED_EDGE ( 'NONE', *, *, #2406, .T. ) ;
#2531 = DIRECTION ( 'NONE',  ( 0.2588190451025215166, -0.9659258262890680902, 0.000000000000000000 ) ) ;
#2532 = VERTEX_POINT ( 'NONE', #2024 ) ;
#2533 = DIRECTION ( 'NONE',  ( -2.062670333402142502E-15, 1.000000000000000000, 0.000000000000000000 ) ) ;
#2534 = LINE ( 'NONE', #2789, #2150 ) ;
#2535 = CARTESIAN_POINT ( 'NONE',  ( -0.7750000000000002442, 0.9750000000000227374, -0.1749999999999999056 ) ) ;
#2536 = AXIS2_PLACEMENT_3D ( 'NONE', #448, #2376, #462 ) ;
#2537 = CARTESIAN_POINT ( 'NONE',  ( 1.304706667107066842, 5.853375736277808971E-16, -1.125000000000000000 ) ) ;
#2538 = DIRECTION ( 'NONE',  ( 1.000000000000000000, 0.000000000000000000, -0.000000000000000000 ) ) ;
#2539 = VECTOR ( 'NONE', #1186, 1000.000000000000000 ) ;
#2540 = DIRECTION ( 'NONE',  ( -0.000000000000000000, -0.000000000000000000, -1.000000000000000000 ) ) ;
#2541 = EDGE_CURVE ( 'NONE', #2549, #611, #2975, .T. ) ;
#2543 = ORIENTED_EDGE ( 'NONE', *, *, #2572, .T. ) ;
#2542 = VERTEX_POINT ( 'NONE', #2039 ) ;
#2544 = EDGE_CURVE ( 'NONE', #942, #2047, #2989, .T. ) ;
#2545 = EDGE_CURVE ( 'NONE', #1287, #694, #2761, .T. ) ;
#2546 = EDGE_CURVE ( 'NONE', #870, #2120, #1249, .T. ) ;
#2547 = ORIENTED_EDGE ( 'NONE', *, *, #901, .T. ) ;
#2548 = CARTESIAN_POINT ( 'NONE',  ( -1.085978507810697380, 0.7809444605854740651, -0.7749999999999999112 ) ) ;
#2549 = VERTEX_POINT ( 'NONE', #586 ) ;
#2550 = LINE ( 'NONE', #601, #558 ) ;
#2551 = EDGE_CURVE ( 'NONE', #1317, #2033, #368, .T. ) ;
#2552 = PLANE ( 'NONE',  #1352 ) ;
#2553 = ADVANCED_FACE ( 'NONE', ( #1345 ), #124, .F. ) ;
#2554 = CARTESIAN_POINT ( 'NONE',  ( 1.350000000000000089, 0.1690370196005579195, 1.125000000000000222 ) ) ;
#2555 = LINE ( 'NONE', #1842, #997 ) ;
#2556 = LINE ( 'NONE', #881, #2604 ) ;
#2557 = AXIS2_PLACEMENT_3D ( 'NONE', #830, #155, #898 ) ;
#2558 = AXIS2_PLACEMENT_3D ( 'NONE', #1115, #2351, #1464 ) ;
#2559 = AXIS2_PLACEMENT_3D ( 'NONE', #715, #2593, #1396 ) ;
#2560 = CARTESIAN_POINT ( 'NONE',  ( -1.304706667107066842, 0.000000000000000000, -0.7749999999999999112 ) ) ;
#2561 = MECHANICAL_DESIGN_GEOMETRIC_PRESENTATION_REPRESENTATION (  '', ( #946 ), #2462 ) ;
#2563 = ORIENTED_EDGE ( 'NONE', *, *, #2635, .T. ) ;
#2562 = ORIENTED_EDGE ( 'NONE', *, *, #1075, .T. ) ;
#2564 = DIRECTION ( 'NONE',  ( -0.000000000000000000, -0.1305261922200483260, -0.9914448613738109373 ) ) ;
#2565 = ORIENTED_EDGE ( 'NONE', *, *, #78, .T. ) ;
#2566 = LINE ( 'NONE', #105, #999 ) ;
#2567 = ADVANCED_FACE ( 'NONE', ( #1094 ), #2056, .F. ) ;
#2568 = VECTOR ( 'NONE', #2288, 1000.000000000000000 ) ;
#2569 = LINE ( 'NONE', #2290, #3107 ) ;
#2570 = LINE ( 'NONE', #423, #693 ) ;
#2571 = DIRECTION ( 'NONE',  ( -0.000000000000000000, -0.000000000000000000, -1.000000000000000000 ) ) ;
#2572 = EDGE_CURVE ( 'NONE', #2298, #1613, #3009, .T. ) ;
#2573 = DIRECTION ( 'NONE',  ( 1.000000000000000000, 0.000000000000000000, -0.000000000000000000 ) ) ;
#2574 = ORIENTED_EDGE ( 'NONE', *, *, #2485, .F. ) ;
#2575 = ADVANCED_FACE ( 'NONE', ( #1607 ), #867, .F. ) ;
#2576 = DIRECTION ( 'NONE',  ( -0.000000000000000000, -0.000000000000000000, -1.000000000000000000 ) ) ;
#2577 = EDGE_CURVE ( 'NONE', #1835, #886, #491, .T. ) ;
#2578 = VERTEX_POINT ( 'NONE', #469 ) ;
#2579 = DIRECTION ( 'NONE',  ( 0.9659258262890682012, 0.2588190451025212391, 0.000000000000000000 ) ) ;
#2580 = DIRECTION ( 'NONE',  ( -0.000000000000000000, -0.000000000000000000, -1.000000000000000000 ) ) ;
#2581 = DIRECTION ( 'NONE',  ( -0.2588190451025215166, 0.9659258262890680902, 0.000000000000000000 ) ) ;
#2582 = EDGE_CURVE ( 'NONE', #2640, #2054, #692, .T. ) ;
#2583 = DIRECTION ( 'NONE',  ( -0.000000000000000000, -0.000000000000000000, -1.000000000000000000 ) ) ;
#2584 = DIRECTION ( 'NONE',  ( 1.000000000000000000, 2.062670333402142108E-15, 0.000000000000000000 ) ) ;
#2585 = ORIENTED_EDGE ( 'NONE', *, *, #1878, .F. ) ;
#2586 = AXIS2_PLACEMENT_3D ( 'NONE', #1761, #822, #578 ) ;
#2587 = DIRECTION ( 'NONE',  ( 0.3420201433256686019, -0.9396926207859084279, 0.000000000000000000 ) ) ;
#2588 = DIRECTION ( 'NONE',  ( -2.062670333402142502E-15, 1.000000000000000000, 0.000000000000000000 ) ) ;
#2589 = DIRECTION ( 'NONE',  ( -0.000000000000000000, -0.000000000000000000, -1.000000000000000000 ) ) ;
#2590 = AXIS2_PLACEMENT_3D ( 'NONE', #884, #1596, #156 ) ;
#2591 = ORIENTED_EDGE ( 'NONE', *, *, #237, .F. ) ;
#2592 = ADVANCED_FACE ( 'NONE', ( #1648 ), #3105, .T. ) ;
#2593 = DIRECTION ( 'NONE',  ( -0.000000000000000000, -0.000000000000000000, -1.000000000000000000 ) ) ;
#2594 = CARTESIAN_POINT ( 'NONE',  ( -1.037807865309078537, 0.3562162680153466709, -0.7749999999999999112 ) ) ;
#2595 = EDGE_CURVE ( 'NONE', #989, #53, #1201, .T. ) ;
#2596 = CARTESIAN_POINT ( 'NONE',  ( -0.8275630370946016612, 0.8750000000000226485, -0.7749999999999999112 ) ) ;
#2597 = EDGE_CURVE ( 'NONE', #736, #2672, #1681, .T. ) ;
#2598 = DIRECTION ( 'NONE',  ( -0.000000000000000000, -0.000000000000000000, -1.000000000000000000 ) ) ;
#2599 = DIRECTION ( 'NONE',  ( 0.9396926207859085389, 0.3420201433256686019, -0.000000000000000000 ) ) ;
#2600 = ORIENTED_EDGE ( 'NONE', *, *, #2449, .T. ) ;
#2601 = STYLED_ITEM ( 'NONE', ( #1714 ), #827 ) ;
#2602 = CARTESIAN_POINT ( 'NONE',  ( -0.8275630370946016612, 1.149999999999992140, 1.125000000000000222 ) ) ;
#2603 = ORIENTED_EDGE ( 'NONE', *, *, #320, .T. ) ;
#2604 = VECTOR ( 'NONE', #1831, 1000.000000000000000 ) ;
#2605 = CARTESIAN_POINT ( 'NONE',  ( -1.011925960798826463, 0.2596236853864398175, 0.7750000000000001332 ) ) ;
#2606 = CIRCLE ( 'NONE', #1640, 0.2749999999999694911 ) ;
#2607 = AXIS2_PLACEMENT_3D ( 'NONE', #1179, #2855, #1276 ) ;
#2608 =( GEOMETRIC_REPRESENTATION_CONTEXT ( 3 ) GLOBAL_UNCERTAINTY_ASSIGNED_CONTEXT ( ( #670 ) ) GLOBAL_UNIT_ASSIGNED_CONTEXT ( ( #2197, #571, #1486 ) ) REPRESENTATION_CONTEXT ( 'NONE', 'WORKASPACE' ) );
#2609 = AXIS2_PLACEMENT_3D ( 'NONE', #1491, #737, #2189 ) ;
#2610 = CYLINDRICAL_SURFACE ( 'NONE', #2536, 0.09999999999999993616 ) ;
#2611 = DIRECTION ( 'NONE',  ( -1.000000000000000000, 0.000000000000000000, 0.000000000000000000 ) ) ;
#2612 = PRODUCT ( 'ME6211C33M5G', 'ME6211C33M5G', '', ( #2999 ) ) ;
#2613 = SURFACE_SIDE_STYLE ('',( #2124 ) ) ;
#2614 = FILL_AREA_STYLE ('',( #1430 ) ) ;
#2615 = FACE_OUTER_BOUND ( 'NONE', #45, .T. ) ;
#2616 = CARTESIAN_POINT ( 'NONE',  ( -0.8275630370946016612, 0.9750000000000226263, -0.1749999999999999056 ) ) ;
#2617 = ORIENTED_EDGE ( 'NONE', *, *, #1365, .F. ) ;
#2618 = LINE ( 'NONE', #444, #631 ) ;
#2619 = ORIENTED_EDGE ( 'NONE', *, *, #2184, .F. ) ;
#2620 = AXIS2_PLACEMENT_3D ( 'NONE', #1086, #859, #2767 ) ;
#2621 = FACE_OUTER_BOUND ( 'NONE', #612, .T. ) ;
#2622 = CARTESIAN_POINT ( 'NONE',  ( -1.011925960798826463, 0.2596236853864398175, -0.7749999999999999112 ) ) ;
#2623 = UNCERTAINTY_MEASURE_WITH_UNIT (LENGTH_MEASURE( 1.000000000000000082E-05 ), #718, 'distance_accuracy_value', 'NONE');
#2624 = DIRECTION ( 'NONE',  ( 0.000000000000000000, 1.000000000000000000, 0.000000000000000000 ) ) ;
#2625 = FACE_OUTER_BOUND ( 'NONE', #922, .T. ) ;
#2626 = PRESENTATION_STYLE_ASSIGNMENT (( #2138 ) ) ;
#2627 = LINE ( 'NONE', #2877, #2058 ) ;
#2628 = DIRECTION ( 'NONE',  ( -0.000000000000000000, -0.000000000000000000, -1.000000000000000000 ) ) ;
#2629 = VERTEX_POINT ( 'NONE', #2352 ) ;
#2630 = CARTESIAN_POINT ( 'NONE',  ( 0.8275630370946016612, 1.149999999999991918, -1.125000000000000000 ) ) ;
#2631 = ORIENTED_EDGE ( 'NONE', *, *, #3085, .F. ) ;
#2632 = AXIS2_PLACEMENT_3D ( 'NONE', #2510, #1953, #2480 ) ;
#2633 = VECTOR ( 'NONE', #192, 1000.000000000000227 ) ;
#2634 = ORIENTED_EDGE ( 'NONE', *, *, #1334, .T. ) ;
#2635 = EDGE_CURVE ( 'NONE', #1995, #2179, #797, .T. ) ;
#2636 = ADVANCED_FACE ( 'NONE', ( #424 ), #1414, .F. ) ;
#2637 = FACE_OUTER_BOUND ( 'NONE', #1603, .T. ) ;
#2638 = ADVANCED_FACE ( 'NONE', ( #707 ), #2100, .F. ) ;
#2639 = VECTOR ( 'NONE', #3076, 1000.000000000000000 ) ;
#2640 = VERTEX_POINT ( 'NONE', #723 ) ;
#2641 = DIRECTION ( 'NONE',  ( -0.000000000000000000, -0.000000000000000000, -1.000000000000000000 ) ) ;
#2643 = ORIENTED_EDGE ( 'NONE', *, *, #1159, .T. ) ;
#2642 = VERTEX_POINT ( 'NONE', #1432 ) ;
#2644 = CARTESIAN_POINT ( 'NONE',  ( 1.037807865309078537, 0.3562162680153466709, -1.125000000000000000 ) ) ;
#2645 = LINE ( 'NONE', #485, #2087 ) ;
#2646 = CARTESIAN_POINT ( 'NONE',  ( 0.7749999999999996891, -3.288236609491476337, -1.450000000000000400 ) ) ;
#2647 = PLANE ( 'NONE',  #1106 ) ;
#2648 = ADVANCED_FACE ( 'NONE', ( #1385 ), #169, .F. ) ;
#2649 = ORIENTED_EDGE ( 'NONE', *, *, #768, .F. ) ;
#2650 = CARTESIAN_POINT ( 'NONE',  ( -1.085978507810697158, 0.7809444605854741761, -0.7749999999999999112 ) ) ;
#2651 = VERTEX_POINT ( 'NONE', #910 ) ;
#2652 = FACE_OUTER_BOUND ( 'NONE', #134, .T. ) ;
#2653 = DIRECTION ( 'NONE',  ( -1.000000000000000000, 0.000000000000000000, 0.000000000000000000 ) ) ;
#2654 = VECTOR ( 'NONE', #530, 1000.000000000000000 ) ;
#2655 = AXIS2_PLACEMENT_3D ( 'NONE', #1005, #326, #2215 ) ;
#2656 = ORIENTED_EDGE ( 'NONE', *, *, #3052, .T. ) ;
#2657 = DIRECTION ( 'NONE',  ( -0.000000000000000000, -0.000000000000000000, -1.000000000000000000 ) ) ;
#2658 = VERTEX_POINT ( 'NONE', #2394 ) ;
#2659 = LINE ( 'NONE', #527, #1898 ) ;
#2660 = DIRECTION ( 'NONE',  ( -0.000000000000000000, -0.000000000000000000, -1.000000000000000000 ) ) ;
#2661 = ADVANCED_FACE ( 'NONE', ( #456 ), #1915, .F. ) ;
#2662 = DIRECTION ( 'NONE',  ( -0.000000000000000000, -0.000000000000000000, -1.000000000000000000 ) ) ;
#2663 = SURFACE_SIDE_STYLE ('',( #2894 ) ) ;
#2664 = ORIENTED_EDGE ( 'NONE', *, *, #1521, .F. ) ;
#2665 = CARTESIAN_POINT ( 'NONE',  ( 0.8275630370946016612, 0.8750000000000226485, -0.7749999999999999112 ) ) ;
#2666 = VERTEX_POINT ( 'NONE', #1172 ) ;
#2667 = CARTESIAN_POINT ( 'NONE',  ( -0.7793923945929824848, 0.4502718074298951989, -0.7749999999999999112 ) ) ;
#2668 = CARTESIAN_POINT ( 'NONE',  ( -0.7793923945929824848, 0.4502718074298952544, 0.1750000000000001277 ) ) ;
#2669 = LINE ( 'NONE', #2482, #2904 ) ;
#2670 = VERTEX_POINT ( 'NONE', #438 ) ;
#2671 = FILL_AREA_STYLE_COLOUR ( '', #729 ) ;
#2672 = VERTEX_POINT ( 'NONE', #1870 ) ;
#2673 = CARTESIAN_POINT ( 'NONE',  ( -1.037807865309078537, 0.3562162680153466709, 0.1750000000000001277 ) ) ;
#2674 =( NAMED_UNIT ( * ) SI_UNIT ( $, .STERADIAN. ) SOLID_ANGLE_UNIT ( ) );
#2675 = EDGE_CURVE ( 'NONE', #1150, #472, #3087, .T. ) ;
#2676 = PLANE ( 'NONE',  #289 ) ;
#2677 = CARTESIAN_POINT ( 'NONE',  ( -0.8275630370946016612, 0.8750000000000226485, 0.1750000000000001277 ) ) ;
#2678 = EDGE_CURVE ( 'NONE', #2797, #669, #2903, .T. ) ;
#2679 = ORIENTED_EDGE ( 'NONE', *, *, #1694, .F. ) ;
#2680 = PLANE ( 'NONE',  #2632 ) ;
#2681 = DIRECTION ( 'NONE',  ( -0.9659258262890680902, -0.2588190451025215721, 0.000000000000000000 ) ) ;
#2682 = ORIENTED_EDGE ( 'NONE', *, *, #1650, .F. ) ;
#2683 = LINE ( 'NONE', #49, #2768 ) ;
#2684 = EDGE_CURVE ( 'NONE', #1162, #288, #2361, .T. ) ;
#2685 = LINE ( 'NONE', #796, #2405 ) ;
#2686 = DIRECTION ( 'NONE',  ( -0.9659258262890685343, 0.2588190451025200178, -0.000000000000000000 ) ) ;
#2687 = CLOSED_SHELL ( 'NONE', ( #1530, #1383, #648, #1710 ) ) ;
#2688 = AXIS2_PLACEMENT_3D ( 'NONE', #1, #914, #2134 ) ;
#2689 = ORIENTED_EDGE ( 'NONE', *, *, #604, .T. ) ;
#2690 = ORIENTED_EDGE ( 'NONE', *, *, #1520, .F. ) ;
#2691 = PLANE ( 'NONE',  #2313 ) ;
#2692 = CARTESIAN_POINT ( 'NONE',  ( -0.8275630370946016612, 0.8750000000000226485, 0.7750000000000001332 ) ) ;
#2693 = CARTESIAN_POINT ( 'NONE',  ( 1.350000000000000089, 0.1690370196005579195, -0.7749999999999999112 ) ) ;
#2694 = LINE ( 'NONE', #245, #2654 ) ;
#2695 = EDGE_CURVE ( 'NONE', #112, #1508, #33, .T. ) ;
#2696 = EDGE_LOOP ( 'NONE', ( #1719, #2427, #679, #1739 ) ) ;
#2697 = CYLINDRICAL_SURFACE ( 'NONE', #832, 0.2749999999999692690 ) ;
#2698 = DIRECTION ( 'NONE',  ( 1.000000000000000000, 0.000000000000000000, 0.000000000000000000 ) ) ;
#2699 = ORIENTED_EDGE ( 'NONE', *, *, #200, .T. ) ;
#2700 = CARTESIAN_POINT ( 'NONE',  ( 0.000000000000000000, 1.449999999999999956, 0.000000000000000000 ) ) ;
#2701 = CARTESIAN_POINT ( 'NONE',  ( 1.085978507810697158, 0.7809444605854741761, -0.7749999999999999112 ) ) ;
#2702 = CARTESIAN_POINT ( 'NONE',  ( -1.350000000000000089, 0.1690370196005573089, -0.1749999999999999056 ) ) ;
#2703 = VERTEX_POINT ( 'NONE', #2842 ) ;
#2704 = ORIENTED_EDGE ( 'NONE', *, *, #1611, .T. ) ;
#2705 = DIRECTION ( 'NONE',  ( 0.000000000000000000, 0.000000000000000000, 1.000000000000000000 ) ) ;
#2706 = VECTOR ( 'NONE', #1299, 1000.000000000000000 ) ;
#2707 = VECTOR ( 'NONE', #481, 1000.000000000000000 ) ;
#2708 = CARTESIAN_POINT ( 'NONE',  ( 1.304706667107066842, 5.853375736277808971E-16, 1.125000000000000222 ) ) ;
#2709 = VECTOR ( 'NONE', #191, 1000.000000000000000 ) ;
#2710 = DIRECTION ( 'NONE',  ( 1.000000000000000000, 0.000000000000000000, 0.000000000000000000 ) ) ;
#2711 = DIRECTION ( 'NONE',  ( 0.000000000000000000, 1.000000000000000000, 0.000000000000000000 ) ) ;
#2712 = ORIENTED_EDGE ( 'NONE', *, *, #639, .F. ) ;
#2713 = EDGE_CURVE ( 'NONE', #861, #2054, #195, .T. ) ;
#2714 = CARTESIAN_POINT ( 'NONE',  ( -0.7750000000000002442, -3.288236609491476337, 1.449999999999999512 ) ) ;
#2715 = CYLINDRICAL_SURFACE ( 'NONE', #1947, 0.09999999999999993616 ) ;
#2716 = PLANE ( 'NONE',  #1643 ) ;
#2717 = DIRECTION ( 'NONE',  ( -0.000000000000000000, -0.000000000000000000, -1.000000000000000000 ) ) ;
#2718 = ORIENTED_EDGE ( 'NONE', *, *, #1559, .T. ) ;
#2719 = AXIS2_PLACEMENT_3D ( 'NONE', #3044, #2326, #1358 ) ;
#2720 = ORIENTED_EDGE ( 'NONE', *, *, #407, .T. ) ;
#2721 = DIRECTION ( 'NONE',  ( -0.000000000000000000, -0.000000000000000000, -1.000000000000000000 ) ) ;
#2722 = VERTEX_POINT ( 'NONE', #3072 ) ;
#2723 = CARTESIAN_POINT ( 'NONE',  ( 0.7749999999999996891, 0.9750000000000227374, 1.449999999999999512 ) ) ;
#2724 = PLANE ( 'NONE',  #851 ) ;
#2725 = LINE ( 'NONE', #2941, #439 ) ;
#2726 = VERTEX_POINT ( 'NONE', #938 ) ;
#2727 = DIRECTION ( 'NONE',  ( 0.000000000000000000, -0.1305261922200483260, 0.9914448613738109373 ) ) ;
#2728 = DIRECTION ( 'NONE',  ( 0.000000000000000000, -0.000000000000000000, 1.000000000000000000 ) ) ;
#2729 = ADVANCED_FACE ( 'NONE', ( #2912 ), #791, .F. ) ;
#2730 = CARTESIAN_POINT ( 'NONE',  ( 1.304706667107066842, 5.853375736277808971E-16, -0.7749999999999999112 ) ) ;
#2731 = ORIENTED_EDGE ( 'NONE', *, *, #2030, .T. ) ;
#2732 = EDGE_CURVE ( 'NONE', #2473, #872, #1729, .T. ) ;
#2733 = EDGE_CURVE ( 'NONE', #1290, #861, #2413, .T. ) ;
#2734 = ORIENTED_EDGE ( 'NONE', *, *, #1141, .F. ) ;
#2735 = DIRECTION ( 'NONE',  ( 0.000000000000000000, 0.000000000000000000, 1.000000000000000000 ) ) ;
#2736 = VECTOR ( 'NONE', #1975, 1000.000000000000000 ) ;
#2737 = CIRCLE ( 'NONE', #834, 0.09999999999999993616 ) ;
#2738 = ORIENTED_EDGE ( 'NONE', *, *, #708, .F. ) ;
#2739 = DIRECTION ( 'NONE',  ( 1.000000000000000000, -1.031335166701062574E-14, -0.000000000000000000 ) ) ;
#2740 = ORIENTED_EDGE ( 'NONE', *, *, #724, .T. ) ;
#2741 = EDGE_CURVE ( 'NONE', #2642, #1537, #1154, .T. ) ;
#2742 = CARTESIAN_POINT ( 'NONE',  ( -1.304706667107066842, 0.000000000000000000, -1.125000000000000000 ) ) ;
#2743 = CARTESIAN_POINT ( 'NONE',  ( -1.085978507810697158, 0.7809444605854741761, 0.1750000000000001277 ) ) ;
#2744 = VECTOR ( 'NONE', #2330, 1000.000000000000000 ) ;
#2745 = LINE ( 'NONE', #1095, #331 ) ;
#2746 = CARTESIAN_POINT ( 'NONE',  ( 1.037807865309078537, 0.3562162680153466709, 1.125000000000000222 ) ) ;
#2748 = EDGE_LOOP ( 'NONE', ( #823, #2469, #1310, #1556, #1488, #2821, #2859, #2530, #3054, #971, #3077, #1070, #1959, #1438 ) ) ;
#2747 = ORIENTED_EDGE ( 'NONE', *, *, #1378, .F. ) ;
#2749 = ORIENTED_EDGE ( 'NONE', *, *, #1721, .F. ) ;
#2750 = FACE_OUTER_BOUND ( 'NONE', #974, .T. ) ;
#2751 = COLOUR_RGB ( '',0.7921568627450980005, 0.8196078431372548767, 0.9333333333333333481 ) ;
#2752 = ORIENTED_EDGE ( 'NONE', *, *, #495, .T. ) ;
#2753 = CARTESIAN_POINT ( 'NONE',  ( -0.7750000000000002442, 0.9750000000000227374, -1.125000000000000000 ) ) ;
#2754 = CARTESIAN_POINT ( 'NONE',  ( -1.037807865309078537, 0.3562162680153466709, 0.1750000000000001277 ) ) ;
#2755 = VECTOR ( 'NONE', #2368, 1000.000000000000000 ) ;
#2756 = AXIS2_PLACEMENT_3D ( 'NONE', #2099, #1093, #1858 ) ;
#2757 = AXIS2_PLACEMENT_3D ( 'NONE', #2440, #276, #1247 ) ;
#2758 = CIRCLE ( 'NONE', #1639, 0.1499999999999998557 ) ;
#2759 = EDGE_LOOP ( 'NONE', ( #841, #1735, #175, #1561, #1970, #665, #1246, #854, #709, #3064, #2980, #431, #219, #513 ) ) ;
#2760 = LINE ( 'NONE', #142, #1747 ) ;
#2761 = LINE ( 'NONE', #1578, #285 ) ;
#2762 = LINE ( 'NONE', #622, #2434 ) ;
#2763 = DIRECTION ( 'NONE',  ( -0.000000000000000000, -0.000000000000000000, -1.000000000000000000 ) ) ;
#2765 = ORIENTED_EDGE ( 'NONE', *, *, #2228, .T. ) ;
#2764 = EDGE_LOOP ( 'NONE', ( #2867, #1985, #337, #1834 ) ) ;
#2766 = ORIENTED_EDGE ( 'NONE', *, *, #2228, .F. ) ;
#2767 = DIRECTION ( 'NONE',  ( -1.000000000000000000, 0.000000000000000000, 0.000000000000000000 ) ) ;
#2768 = VECTOR ( 'NONE', #2196, 1000.000000000000000 ) ;
#2769 = ORIENTED_EDGE ( 'NONE', *, *, #2170, .F. ) ;
#2770 = FACE_OUTER_BOUND ( 'NONE', #1700, .T. ) ;
#2771 = DIRECTION ( 'NONE',  ( 0.000000000000000000, 0.000000000000000000, 1.000000000000000000 ) ) ;
#2772 = AXIS2_PLACEMENT_3D ( 'NONE', #2041, #2977, #1315 ) ;
#2773 = EDGE_CURVE ( 'NONE', #2726, #1287, #2694, .T. ) ;
#2774 = DIRECTION ( 'NONE',  ( -1.000000000000000000, 0.000000000000000000, 0.000000000000000000 ) ) ;
#2775 = CARTESIAN_POINT ( 'NONE',  ( -0.7750000000000002442, 1.149999999999992140, -1.125000000000000000 ) ) ;
#2776 = DIRECTION ( 'NONE',  ( 0.000000000000000000, 0.000000000000000000, 1.000000000000000000 ) ) ;
#2777 = ADVANCED_FACE ( 'NONE', ( #1048 ), #1220, .F. ) ;
#2778 = EDGE_CURVE ( 'NONE', #160, #929, #2758, .T. ) ;
#2779 = CARTESIAN_POINT ( 'NONE',  ( -0.9666326279058929938, 0.09058666578588239759, -1.125000000000000000 ) ) ;
#2781 = ORIENTED_EDGE ( 'NONE', *, *, #1688, .T. ) ;
#2780 = EDGE_LOOP ( 'NONE', ( #812, #1221, #3078, #1610 ) ) ;
#2782 = EDGE_CURVE ( 'NONE', #220, #41, #996, .T. ) ;
#2783 = EDGE_CURVE ( 'NONE', #1024, #2131, #436, .T. ) ;
#2784 = ORIENTED_EDGE ( 'NONE', *, *, #79, .T. ) ;
#2785 = CARTESIAN_POINT ( 'NONE',  ( -1.304706667107066842, 0.000000000000000000, -0.7749999999999999112 ) ) ;
#2786 = EDGE_LOOP ( 'NONE', ( #783, #1481, #1669, #1732 ) ) ;
#2787 = DIRECTION ( 'NONE',  ( 0.000000000000000000, 1.000000000000000000, 0.000000000000000000 ) ) ;
#2788 = VECTOR ( 'NONE', #1270, 1000.000000000000000 ) ;
#2789 = CARTESIAN_POINT ( 'NONE',  ( -0.9666326279058929938, 0.09058666578588239759, 0.1750000000000001277 ) ) ;
#2790 = DIRECTION ( 'NONE',  ( 0.3420201433256686019, -0.9396926207859084279, 0.000000000000000000 ) ) ;
#2791 = VECTOR ( 'NONE', #668, 1000.000000000000000 ) ;
#2792 = DIRECTION ( 'NONE',  ( -0.000000000000000000, -0.000000000000000000, -1.000000000000000000 ) ) ;
#2793 = LINE ( 'NONE', #143, #345 ) ;
#2794 = MANIFOLD_SOLID_BREP ( 'LPattern1[2]', #3074 ) ;
#2795 = VECTOR ( 'NONE', #249, 999.9999999999998863 ) ;
#2796 = CARTESIAN_POINT ( 'NONE',  ( 0.000000000000000000, 0.1499999999999999944, 0.000000000000000000 ) ) ;
#2798 = ORIENTED_EDGE ( 'NONE', *, *, #1754, .T. ) ;
#2797 = VERTEX_POINT ( 'NONE', #1478 ) ;
#2799 = FACE_OUTER_BOUND ( 'NONE', #113, .T. ) ;
#2800 = EDGE_LOOP ( 'NONE', ( #2301, #386, #281, #2202 ) ) ;
#2801 = CARTESIAN_POINT ( 'NONE',  ( -0.4250000000000003220, 1.399999999999999911, -1.100000000000000311 ) ) ;
#2802 = CARTESIAN_POINT ( 'NONE',  ( 1.037807865309078537, 0.3562162680153466709, -1.125000000000000000 ) ) ;
#2803 = DIRECTION ( 'NONE',  ( 0.9659258262890685343, -0.2588190451025200733, 0.000000000000000000 ) ) ;
#2804 = DIRECTION ( 'NONE',  ( -0.000000000000000000, -0.000000000000000000, -1.000000000000000000 ) ) ;
#2805 = CIRCLE ( 'NONE', #2655, 0.1000000000000000472 ) ;
#2806 = AXIS2_PLACEMENT_3D ( 'NONE', #1606, #2337, #1818 ) ;
#2807 = EDGE_CURVE ( 'NONE', #389, #1484, #44, .T. ) ;
#2808 = EDGE_CURVE ( 'NONE', #623, #658, #1897, .T. ) ;
#2809 = DIRECTION ( 'NONE',  ( -0.9659258262890680902, -0.2588190451025212391, 0.000000000000000000 ) ) ;
#2810 = ORIENTED_EDGE ( 'NONE', *, *, #2933, .F. ) ;
#2811 = MANIFOLD_SOLID_BREP ( 'Boss-Extrude3', #2687 ) ;
#2812 = CARTESIAN_POINT ( 'NONE',  ( -0.9438386032304876272, 0.3904182823479135922, -0.1749999999999999056 ) ) ;
#2813 = ORIENTED_EDGE ( 'NONE', *, *, #79, .F. ) ;
#2814 = ADVANCED_FACE ( 'NONE', ( #2448 ), #2647, .F. ) ;
#2815 = LINE ( 'NONE', #864, #1749 ) ;
#2816 = CARTESIAN_POINT ( 'NONE',  ( -0.7750000000000002442, -3.288236609491476337, -1.450000000000000400 ) ) ;
#2817 = LINE ( 'NONE', #919, #1362 ) ;
#2818 = LINE ( 'NONE', #2537, #3004 ) ;
#2819 = CARTESIAN_POINT ( 'NONE',  ( -1.085978507810697158, 0.7809444605854741761, -0.7749999999999999112 ) ) ;
#2820 = CARTESIAN_POINT ( 'NONE',  ( -0.8275630370946016612, 0.9750000000000226263, -1.125000000000000000 ) ) ;
#2821 = ORIENTED_EDGE ( 'NONE', *, *, #2286, .T. ) ;
#2822 = ADVANCED_FACE ( 'NONE', ( #1241 ), #2471, .F. ) ;
#2823 = LINE ( 'NONE', #187, #1333 ) ;
#2824 = ORIENTED_EDGE ( 'NONE', *, *, #1148, .T. ) ;
#2825 = EDGE_CURVE ( 'NONE', #547, #172, #523, .T. ) ;
#2826 = FACE_OUTER_BOUND ( 'NONE', #2696, .T. ) ;
#2827 = MANIFOLD_SOLID_BREP ( 'LPattern1[3]', #1581 ) ;
#2828 = CARTESIAN_POINT ( 'NONE',  ( 1.011925960798826463, 0.2596236853864398175, -0.7749999999999999112 ) ) ;
#2829 = DIRECTION ( 'NONE',  ( -0.3420201433256693790, 0.9396926207859082059, 0.000000000000000000 ) ) ;
#2830 = CARTESIAN_POINT ( 'NONE',  ( -0.9438386032304876272, 0.3904182823479135922, 0.7750000000000001332 ) ) ;
#2831 = CARTESIAN_POINT ( 'NONE',  ( -0.8275630370946016612, 0.8750000000000226485, -1.125000000000000000 ) ) ;
#2832 = ORIENTED_EDGE ( 'NONE', *, *, #890, .T. ) ;
#2833 = EDGE_CURVE ( 'NONE', #773, #1084, #2685, .T. ) ;
#2834 = DIRECTION ( 'NONE',  ( -1.000000000000000000, 0.000000000000000000, 0.000000000000000000 ) ) ;
#2835 = ORIENTED_EDGE ( 'NONE', *, *, #443, .T. ) ;
#2836 = VERTEX_POINT ( 'NONE', #2701 ) ;
#2837 = DIRECTION ( 'NONE',  ( 0.2588190451025215166, -0.9659258262890680902, 0.000000000000000000 ) ) ;
#2838 = PRODUCT_DEFINITION_CONTEXT ( 'detailed design', #926, 'design' ) ;
#2839 = CARTESIAN_POINT ( 'NONE',  ( -0.4250000000000003220, 1.449999999999999956, -1.100000000000000311 ) ) ;
#2840 = CARTESIAN_POINT ( 'NONE',  ( -0.9215322991731923485, 0.8407979856674557828, -0.1749999999999999056 ) ) ;
#2841 = DIRECTION ( 'NONE',  ( 1.000000000000000000, 0.000000000000000000, -0.000000000000000000 ) ) ;
#2842 = CARTESIAN_POINT ( 'NONE',  ( -0.7750000000000002442, 0.9750000000000227374, 1.125000000000000222 ) ) ;
#2843 = AXIS2_PLACEMENT_3D ( 'NONE', #2828, #421, #1381 ) ;
#2844 = ORIENTED_EDGE ( 'NONE', *, *, #2431, .T. ) ;
#2845 = VECTOR ( 'NONE', #844, 1000.000000000000000 ) ;
#2846 = DIRECTION ( 'NONE',  ( -1.000000000000000000, 0.000000000000000000, 0.000000000000000000 ) ) ;
#2847 = ORIENTED_EDGE ( 'NONE', *, *, #2455, .F. ) ;
#2848 = CARTESIAN_POINT ( 'NONE',  ( 0.6663866894903979210, 0.1499999999999999944, 0.000000000000000000 ) ) ;
#2849 = STYLED_ITEM ( 'NONE', ( #92 ), #410 ) ;
#2850 = VECTOR ( 'NONE', #1577, 1000.000000000000000 ) ;
#2851 = AXIS2_PLACEMENT_3D ( 'NONE', #329, #1025, #312 ) ;
#2852 =( GEOMETRIC_REPRESENTATION_CONTEXT ( 3 ) GLOBAL_UNCERTAINTY_ASSIGNED_CONTEXT ( ( #3055 ) ) GLOBAL_UNIT_ASSIGNED_CONTEXT ( ( #1768, #1527, #32 ) ) REPRESENTATION_CONTEXT ( 'NONE', 'WORKASPACE' ) );
#2853 = AXIS2_PLACEMENT_3D ( 'NONE', #781, #818, #1300 ) ;
#2854 = PLANE ( 'NONE',  #2936 ) ;
#2855 = DIRECTION ( 'NONE',  ( 1.031335166701062574E-14, 1.000000000000000000, -0.000000000000000000 ) ) ;
#2856 = DIRECTION ( 'NONE',  ( 1.000000000000000000, 0.000000000000000000, 0.000000000000000000 ) ) ;
#2857 = DIRECTION ( 'NONE',  ( -0.000000000000000000, -0.000000000000000000, -1.000000000000000000 ) ) ;
#2858 = CARTESIAN_POINT ( 'NONE',  ( -1.011925960798826463, 0.2596236853864398175, 1.125000000000000222 ) ) ;
#2859 = ORIENTED_EDGE ( 'NONE', *, *, #1419, .T. ) ;
#2860 = AXIS2_PLACEMENT_3D ( 'NONE', #2802, #2073, #878 ) ;
#2861 = ADVANCED_FACE ( 'NONE', ( #2918 ), #340, .F. ) ;
#2862 = AXIS2_PLACEMENT_3D ( 'NONE', #251, #712, #186 ) ;
#2863 = EDGE_CURVE ( 'NONE', #1235, #2372, #1704, .T. ) ;
#2864 = ADVANCED_FACE ( 'NONE', ( #284 ), #2716, .F. ) ;
#2865 = CARTESIAN_POINT ( 'NONE',  ( 0.9666326279058929938, 0.09058666578588239759, 0.7750000000000001332 ) ) ;
#2866 = ORIENTED_EDGE ( 'NONE', *, *, #2355, .F. ) ;
#2867 = ORIENTED_EDGE ( 'NONE', *, *, #2224, .T. ) ;
#2868 = EDGE_CURVE ( 'NONE', #568, #2445, #139, .T. ) ;
#2869 = CARTESIAN_POINT ( 'NONE',  ( 0.7628078653091089345, 0.3562162680153466709, 1.125000000000000222 ) ) ;
#2870 = EDGE_CURVE ( 'NONE', #1162, #160, #1991, .T. ) ;
#2871 = ORIENTED_EDGE ( 'NONE', *, *, #2678, .F. ) ;
#2872 = LINE ( 'NONE', #218, #2902 ) ;
#2874 = ORIENTED_EDGE ( 'NONE', *, *, #1917, .F. ) ;
#2873 = ORIENTED_EDGE ( 'NONE', *, *, #1755, .F. ) ;
#2875 = PRESENTATION_STYLE_ASSIGNMENT (( #2097 ) ) ;
#2876 = DIRECTION ( 'NONE',  ( -1.000000000000000000, 0.000000000000000000, 0.000000000000000000 ) ) ;
#2877 = CARTESIAN_POINT ( 'NONE',  ( -1.350000000000000089, 0.1690370196005573089, -1.125000000000000000 ) ) ;
#2878 = DIRECTION ( 'NONE',  ( -0.1294283079955606819, -0.9831056027603608527, -0.1294283079955606819 ) ) ;
#2879 = VERTEX_POINT ( 'NONE', #2947 ) ;
#2880 = FACE_OUTER_BOUND ( 'NONE', #483, .T. ) ;
#2881 = ORIENTED_EDGE ( 'NONE', *, *, #499, .T. ) ;
#2882 = MECHANICAL_DESIGN_GEOMETRIC_PRESENTATION_REPRESENTATION (  '', ( #2982 ), #14 ) ;
#2883 = VECTOR ( 'NONE', #1463, 999.9999999999998863 ) ;
#2884 = CARTESIAN_POINT ( 'NONE',  ( -1.037807865309078537, 0.3562162680153466709, -1.125000000000000000 ) ) ;
#2885 = LINE ( 'NONE', #2166, #779 ) ;
#2886 = EDGE_CURVE ( 'NONE', #795, #1418, #1397, .T. ) ;
#2887 = VECTOR ( 'NONE', #681, 1000.000000000000000 ) ;
#2888 = EDGE_LOOP ( 'NONE', ( #1667, #2664, #2253, #1210 ) ) ;
#2889 = ORIENTED_EDGE ( 'NONE', *, *, #2104, .T. ) ;
#2890 = MANIFOLD_SOLID_BREP ( 'Boss-Extrude2[1]', #2132 ) ;
#2891 = LINE ( 'NONE', #2939, #140 ) ;
#2892 = FACE_OUTER_BOUND ( 'NONE', #2494, .T. ) ;
#2893 = DIRECTION ( 'NONE',  ( -0.2588190451025215166, 0.9659258262890680902, 0.000000000000000000 ) ) ;
#2894 = SURFACE_STYLE_FILL_AREA ( #277 ) ;
#2895 = VERTEX_POINT ( 'NONE', #452 ) ;
#2896 = LINE ( 'NONE', #2481, #680 ) ;
#2897 = EDGE_LOOP ( 'NONE', ( #1927, #2813, #2353, #406 ) ) ;
#2898 = FACE_OUTER_BOUND ( 'NONE', #1502, .T. ) ;
#2899 = ADVANCED_FACE ( 'NONE', ( #2625 ), #3069, .F. ) ;
#2900 = DIRECTION ( 'NONE',  ( -0.000000000000000000, -0.000000000000000000, -1.000000000000000000 ) ) ;
#2901 = AXIS2_PLACEMENT_3D ( 'NONE', #1901, #964, #2893 ) ;
#2902 = VECTOR ( 'NONE', #1190, 1000.000000000000000 ) ;
#2903 = CIRCLE ( 'NONE', #1393, 0.09999999999999993616 ) ;
#2904 = VECTOR ( 'NONE', #1273, 1000.000000000000000 ) ;
#2905 = ORIENTED_EDGE ( 'NONE', *, *, #2863, .F. ) ;
#2906 = FACE_OUTER_BOUND ( 'NONE', #1839, .T. ) ;
#2907 = VERTEX_POINT ( 'NONE', #1855 ) ;
#2908 = EDGE_CURVE ( 'NONE', #2212, #526, #1445, .T. ) ;
#2909 = PLANE ( 'NONE',  #231 ) ;
#2910 = PLANE ( 'NONE',  #325 ) ;
#2911 = CARTESIAN_POINT ( 'NONE',  ( -1.304706667107066842, 0.000000000000000000, -0.1749999999999999056 ) ) ;
#2912 = FACE_OUTER_BOUND ( 'NONE', #2188, .T. ) ;
#2913 = VERTEX_POINT ( 'NONE', #2392 ) ;
#2914 = DIRECTION ( 'NONE',  ( 1.000000000000000000, 0.000000000000000000, 0.000000000000000000 ) ) ;
#2915 = LINE ( 'NONE', #1734, #843 ) ;
#2916 = EDGE_LOOP ( 'NONE', ( #314, #1461, #1760, #3028 ) ) ;
#2917 = CARTESIAN_POINT ( 'NONE',  ( 1.304706667107066842, 5.853375736277808971E-16, -0.7749999999999999112 ) ) ;
#2918 = FACE_OUTER_BOUND ( 'NONE', #1292, .T. ) ;
#2919 = AXIS2_PLACEMENT_3D ( 'NONE', #2518, #1337, #902 ) ;
#2920 = DIRECTION ( 'NONE',  ( 0.2588190451025215166, 0.9659258262890680902, -0.000000000000000000 ) ) ;
#2921 = ORIENTED_EDGE ( 'NONE', *, *, #2516, .F. ) ;
#2922 = CARTESIAN_POINT ( 'NONE',  ( -0.8275630370946016612, 0.8750000000000226485, 0.7750000000000001332 ) ) ;
#2923 = EDGE_CURVE ( 'NONE', #441, #1995, #2463, .T. ) ;
#2924 = ORIENTED_EDGE ( 'NONE', *, *, #988, .T. ) ;
#2925 = LINE ( 'NONE', #73, #2452 ) ;
#2926 = FACE_OUTER_BOUND ( 'NONE', #1454, .T. ) ;
#2927 = FILL_AREA_STYLE ('',( #1451 ) ) ;
#2928 = ORIENTED_EDGE ( 'NONE', *, *, #731, .F. ) ;
#2929 = CARTESIAN_POINT ( 'NONE',  ( -0.8275630370946016612, 1.149999999999992140, 1.125000000000000222 ) ) ;
#2930 = LINE ( 'NONE', #399, #2706 ) ;
#2931 = ORIENTED_EDGE ( 'NONE', *, *, #2886, .F. ) ;
#2932 = DIRECTION ( 'NONE',  ( 0.000000000000000000, -0.000000000000000000, -1.000000000000000000 ) ) ;
#2933 = EDGE_CURVE ( 'NONE', #795, #1282, #3058, .T. ) ;
#2934 = DIRECTION ( 'NONE',  ( 0.000000000000000000, 0.000000000000000000, 1.000000000000000000 ) ) ;
#2935 = EDGE_LOOP ( 'NONE', ( #727, #1348, #147, #19 ) ) ;
#2936 = AXIS2_PLACEMENT_3D ( 'NONE', #733, #1421, #713 ) ;
#2937 = ORIENTED_EDGE ( 'NONE', *, *, #916, .T. ) ;
#2938 = CARTESIAN_POINT ( 'NONE',  ( -1.011925960798826463, 0.2596236853864398175, -1.125000000000000000 ) ) ;
#2939 = CARTESIAN_POINT ( 'NONE',  ( -0.7793923945929824848, 0.4502718074298951989, 1.125000000000000222 ) ) ;
#2940 = AXIS2_PLACEMENT_3D ( 'NONE', #2129, #3089, #1904 ) ;
#2941 = CARTESIAN_POINT ( 'NONE',  ( -0.7750000000000002442, 0.9750000000000227374, 1.125000000000000222 ) ) ;
#2942 = DIRECTION ( 'NONE',  ( 0.2588190451025215166, -0.9659258262890680902, 0.000000000000000000 ) ) ;
#2943 = EDGE_LOOP ( 'NONE', ( #1032, #656, #1085, #2643 ) ) ;
#2944 = DIRECTION ( 'NONE',  ( -1.000000000000000000, 0.000000000000000000, 0.000000000000000000 ) ) ;
#2945 = CARTESIAN_POINT ( 'NONE',  ( -0.8275630370946016612, 0.8750000000000226485, 1.125000000000000222 ) ) ;
#2946 = ORIENTED_EDGE ( 'NONE', *, *, #3052, .F. ) ;
#2947 = CARTESIAN_POINT ( 'NONE',  ( 0.7749999999999999112, 1.149999999999992584, 1.125000000000000222 ) ) ;
#2948 = CARTESIAN_POINT ( 'NONE',  ( -0.9275630370946015280, 0.8750000000000226485, -0.1749999999999999056 ) ) ;
#2949 = ORIENTED_EDGE ( 'NONE', *, *, #443, .F. ) ;
#2950 = ORIENTED_EDGE ( 'NONE', *, *, #2176, .F. ) ;
#2951 = DIRECTION ( 'NONE',  ( -0.000000000000000000, -0.000000000000000000, -1.000000000000000000 ) ) ;
#2952 = VERTEX_POINT ( 'NONE', #918 ) ;
#2953 = AXIS2_PLACEMENT_3D ( 'NONE', #917, #176, #420 ) ;
#2954 = CARTESIAN_POINT ( 'NONE',  ( 0.7793923945929824848, 0.4502718074298952544, 0.7750000000000001332 ) ) ;
#2955 =( NAMED_UNIT ( * ) SI_UNIT ( $, .STERADIAN. ) SOLID_ANGLE_UNIT ( ) );
#2956 =( GEOMETRIC_REPRESENTATION_CONTEXT ( 3 ) GLOBAL_UNCERTAINTY_ASSIGNED_CONTEXT ( ( #2623 ) ) GLOBAL_UNIT_ASSIGNED_CONTEXT ( ( #718, #177, #2365 ) ) REPRESENTATION_CONTEXT ( 'NONE', 'WORKASPACE' ) );
#2957 = CARTESIAN_POINT ( 'NONE',  ( -0.7750000000000002442, 1.149999999999992140, -0.7749999999999999112 ) ) ;
#2958 = DIRECTION ( 'NONE',  ( 1.000000000000000000, 0.000000000000000000, 0.000000000000000000 ) ) ;
#2959 = VERTEX_POINT ( 'NONE', #1912 ) ;
#2960 = CARTESIAN_POINT ( 'NONE',  ( 0.8275630370946016612, 1.149999999999991918, 1.125000000000000222 ) ) ;
#2961 = DIRECTION ( 'NONE',  ( -0.000000000000000000, 0.000000000000000000, -1.000000000000000000 ) ) ;
#2962 = EDGE_CURVE ( 'NONE', #1498, #2054, #1678, .T. ) ;
#2963 = EDGE_CURVE ( 'NONE', #1473, #2895, #164, .T. ) ;
#2964 = DIRECTION ( 'NONE',  ( 0.000000000000000000, 1.000000000000000000, 0.000000000000000000 ) ) ;
#2965 = CARTESIAN_POINT ( 'NONE',  ( 1.350000000000000089, 0.1690370196005579195, 1.125000000000000222 ) ) ;
#2966 = ORIENTED_EDGE ( 'NONE', *, *, #1984, .T. ) ;
#2967 = AXIS2_PLACEMENT_3D ( 'NONE', #865, #908, #2774 ) ;
#2968 = ORIENTED_EDGE ( 'NONE', *, *, #2104, .F. ) ;
#2969 = LINE ( 'NONE', #793, #2239 ) ;
#2970 = EDGE_LOOP ( 'NONE', ( #1103, #3062, #2037, #853 ) ) ;
#2971 = EDGE_CURVE ( 'NONE', #2509, #112, #1899, .T. ) ;
#2972 = CARTESIAN_POINT ( 'NONE',  ( -0.7750000000000002442, 0.9750000000000227374, -0.7749999999999999112 ) ) ;
#2973 = ORIENTED_EDGE ( 'NONE', *, *, #2971, .T. ) ;
#2974 = FACE_OUTER_BOUND ( 'NONE', #725, .T. ) ;
#2975 = LINE ( 'NONE', #108, #1100 ) ;
#2976 = FILL_AREA_STYLE ('',( #1756 ) ) ;
#2977 = DIRECTION ( 'NONE',  ( -0.000000000000000000, -0.000000000000000000, -1.000000000000000000 ) ) ;
#2979 = ORIENTED_EDGE ( 'NONE', *, *, #161, .T. ) ;
#2978 = ORIENTED_EDGE ( 'NONE', *, *, #731, .T. ) ;
#2980 = ORIENTED_EDGE ( 'NONE', *, *, #369, .F. ) ;
#2981 = CARTESIAN_POINT ( 'NONE',  ( 0.8275630370946016612, 0.9750000000000226263, 0.7750000000000001332 ) ) ;
#2982 = STYLED_ITEM ( 'NONE', ( #2255 ), #1857 ) ;
#2983 = EDGE_CURVE ( 'NONE', #2532, #62, #2011, .T. ) ;
#2984 = ORIENTED_EDGE ( 'NONE', *, *, #1113, .T. ) ;
#2985 = DIRECTION ( 'NONE',  ( -1.000000000000000000, 0.000000000000000000, 0.000000000000000000 ) ) ;
#2986 = EDGE_CURVE ( 'NONE', #1473, #1748, #484, .T. ) ;
#2987 = EDGE_LOOP ( 'NONE', ( #1786, #70, #1173, #2090 ) ) ;
#2988 = FACE_OUTER_BOUND ( 'NONE', #506, .T. ) ;
#2989 = LINE ( 'NONE', #1360, #1697 ) ;
#2990 = AXIS2_PLACEMENT_3D ( 'NONE', #3050, #3109, #2142 ) ;
#2991 = CARTESIAN_POINT ( 'NONE',  ( -0.7750000000000002442, 1.149999999999992140, -1.125000000000000000 ) ) ;
#2992 = DIRECTION ( 'NONE',  ( 0.000000000000000000, 1.000000000000000000, 0.000000000000000000 ) ) ;
#2994 = EDGE_LOOP ( 'NONE', ( #2523, #2422, #418, #1997 ) ) ;
#2993 = VERTEX_POINT ( 'NONE', #661 ) ;
#2995 = EDGE_LOOP ( 'NONE', ( #352, #1519, #2297, #80 ) ) ;
#2996 = DIRECTION ( 'NONE',  ( 0.000000000000000000, 0.000000000000000000, 1.000000000000000000 ) ) ;
#2997 = ADVANCED_FACE ( 'NONE', ( #1180 ), #1867, .F. ) ;
#2998 = ORIENTED_EDGE ( 'NONE', *, *, #2807, .F. ) ;
#2999 = PRODUCT_CONTEXT ( 'NONE', #1621, 'mechanical' ) ;
#3000 = DIRECTION ( 'NONE',  ( -0.1294283079955604598, 0.9831056027603609637, -0.1294283079955604598 ) ) ;
#3001 = DIRECTION ( 'NONE',  ( 1.000000000000000000, 0.000000000000000000, 0.000000000000000000 ) ) ;
#3002 = VECTOR ( 'NONE', #2711, 1000.000000000000000 ) ;
#3003 = EDGE_CURVE ( 'NONE', #1084, #1571, #674, .T. ) ;
#3004 = VECTOR ( 'NONE', #1618, 1000.000000000000114 ) ;
#3005 = AXIS2_PLACEMENT_3D ( 'NONE', #2432, #267, #83 ) ;
#3006 = VECTOR ( 'NONE', #963, 1000.000000000000000 ) ;
#3007 = DIRECTION ( 'NONE',  ( 1.000000000000000000, 0.000000000000000000, -0.000000000000000000 ) ) ;
#3008 = DIRECTION ( 'NONE',  ( 0.000000000000000000, 0.000000000000000000, 1.000000000000000000 ) ) ;
#3009 = LINE ( 'NONE', #1783, #2146 ) ;
#3010 = EDGE_CURVE ( 'NONE', #2959, #101, #546, .T. ) ;
#3011 = LINE ( 'NONE', #587, #895 ) ;
#3013 = ORIENTED_EDGE ( 'NONE', *, *, #2713, .F. ) ;
#3012 = ORIENTED_EDGE ( 'NONE', *, *, #1365, .T. ) ;
#3014 = VERTEX_POINT ( 'NONE', #206 ) ;
#3015 = PLANE ( 'NONE',  #1660 ) ;
#3016 = AXIS2_PLACEMENT_3D ( 'NONE', #1971, #1703, #507 ) ;
#3017 = VERTEX_POINT ( 'NONE', #2723 ) ;
#3018 = DIRECTION ( 'NONE',  ( 0.000000000000000000, 0.000000000000000000, 1.000000000000000000 ) ) ;
#3019 = LINE ( 'NONE', #875, #2845 ) ;
#3020 = EDGE_CURVE ( 'NONE', #41, #2542, #1928, .T. ) ;
#3021 = LINE ( 'NONE', #876, #394 ) ;
#3022 = AXIS2_PLACEMENT_3D ( 'NONE', #403, #1124, #2284 ) ;
#3023 = CARTESIAN_POINT ( 'NONE',  ( 1.304706667107066842, 5.853375736277808971E-16, 1.125000000000000222 ) ) ;
#3024 = CARTESIAN_POINT ( 'NONE',  ( 1.011925960798826463, 0.2596236853864398175, 1.125000000000000222 ) ) ;
#3025 = DIRECTION ( 'NONE',  ( 0.000000000000000000, -1.000000000000000000, 0.000000000000000000 ) ) ;
#3026 = CARTESIAN_POINT ( 'NONE',  ( 0.9215322991731923485, 0.8407979856674557828, 0.7750000000000001332 ) ) ;
#3028 = ORIENTED_EDGE ( 'NONE', *, *, #724, .F. ) ;
#3027 = ORIENTED_EDGE ( 'NONE', *, *, #2678, .T. ) ;
#3029 = CARTESIAN_POINT ( 'NONE',  ( -0.8275630370946016612, 0.8750000000000226485, -0.7749999999999999112 ) ) ;
#3030 = ORIENTED_EDGE ( 'NONE', *, *, #3057, .F. ) ;
#3031 = AXIS2_PLACEMENT_3D ( 'NONE', #2248, #2210, #2231 ) ;
#3032 = CARTESIAN_POINT ( 'NONE',  ( -0.7750000000000002442, 0.9750000000000227374, 0.1750000000000001277 ) ) ;
#3033 = EDGE_CURVE ( 'NONE', #579, #1952, #2891, .T. ) ;
#3034 = EDGE_CURVE ( 'NONE', #773, #2254, #1462, .T. ) ;
#3035 = FACE_OUTER_BOUND ( 'NONE', #253, .T. ) ;
#3036 = CARTESIAN_POINT ( 'NONE',  ( -0.7750000000000002442, -3.288236609491476337, 1.449999999999999512 ) ) ;
#3037 = DIRECTION ( 'NONE',  ( 0.000000000000000000, 0.000000000000000000, 1.000000000000000000 ) ) ;
#3038 = CIRCLE ( 'NONE', #1140, 0.2749999999999694911 ) ;
#3039 = CARTESIAN_POINT ( 'NONE',  ( 1.037807865309078537, 0.3562162680153466709, -0.7749999999999999112 ) ) ;
#3040 = ORIENTED_EDGE ( 'NONE', *, *, #2319, .T. ) ;
#3041 = FACE_OUTER_BOUND ( 'NONE', #1251, .T. ) ;
#3042 = ORIENTED_EDGE ( 'NONE', *, *, #3095, .F. ) ;
#3043 = DIRECTION ( 'NONE',  ( -0.000000000000000000, -0.000000000000000000, -1.000000000000000000 ) ) ;
#3044 = CARTESIAN_POINT ( 'NONE',  ( -0.7355042507237814498, 1.449999999999999956, -0.000000000000000000 ) ) ;
#3045 = LINE ( 'NONE', #1359, #741 ) ;
#3046 = DIRECTION ( 'NONE',  ( -0.3420201433256686019, 0.9396926207859085389, 0.000000000000000000 ) ) ;
#3047 = EDGE_CURVE ( 'NONE', #2542, #3110, #291, .T. ) ;
#3048 = AXIS2_PLACEMENT_3D ( 'NONE', #2140, #1158, #664 ) ;
#3049 = VECTOR ( 'NONE', #1758, 1000.000000000000000 ) ;
#3050 = CARTESIAN_POINT ( 'NONE',  ( 1.037807865309078537, 0.3562162680153466709, -0.7749999999999999112 ) ) ;
#3051 = VERTEX_POINT ( 'NONE', #1476 ) ;
#3052 = EDGE_CURVE ( 'NONE', #299, #736, #2207, .T. ) ;
#3053 = LINE ( 'NONE', #3079, #934 ) ;
#3054 = ORIENTED_EDGE ( 'NONE', *, *, #882, .T. ) ;
#3055 = UNCERTAINTY_MEASURE_WITH_UNIT (LENGTH_MEASURE( 1.000000000000000082E-05 ), #1768, 'distance_accuracy_value', 'NONE');
#3056 = CARTESIAN_POINT ( 'NONE',  ( 1.085978507810697158, 0.7809444605854741761, 1.125000000000000222 ) ) ;
#3057 = EDGE_CURVE ( 'NONE', #2131, #1417, #1217, .T. ) ;
#3058 = LINE ( 'NONE', #221, #2407 ) ;
#3059 = FACE_OUTER_BOUND ( 'NONE', #2095, .T. ) ;
#3060 = LINE ( 'NONE', #920, #2309 ) ;
#3061 = DIRECTION ( 'NONE',  ( -0.000000000000000000, -0.000000000000000000, -1.000000000000000000 ) ) ;
#3062 = ORIENTED_EDGE ( 'NONE', *, *, #3003, .F. ) ;
#3063 = LINE ( 'NONE', #1222, #1536 ) ;
#3064 = ORIENTED_EDGE ( 'NONE', *, *, #1480, .F. ) ;
#3065 = CYLINDRICAL_SURFACE ( 'NONE', #1560, 0.2749999999999694911 ) ;
#3066 = LINE ( 'NONE', #1922, #1036 ) ;
#3067 = EDGE_LOOP ( 'NONE', ( #2889, #1043, #2180, #1415 ) ) ;
#3068 = DIRECTION ( 'NONE',  ( 0.000000000000000000, 0.000000000000000000, 1.000000000000000000 ) ) ;
#3069 = PLANE ( 'NONE',  #3097 ) ;
#3070 = CARTESIAN_POINT ( 'NONE',  ( -0.8275630370946016612, 0.8750000000000226485, 0.7750000000000001332 ) ) ;
#3071 = DIRECTION ( 'NONE',  ( 0.3420201433256686019, 0.9396926207859084279, -0.000000000000000000 ) ) ;
#3072 = CARTESIAN_POINT ( 'NONE',  ( -1.085978507810697380, 0.7809444605854740651, -1.125000000000000000 ) ) ;
#3073 = ORIENTED_EDGE ( 'NONE', *, *, #673, .T. ) ;
#3074 = CLOSED_SHELL ( 'NONE', ( #535, #478, #1916, #602, #261, #1117, #2861, #1682, #1314, #2149, #1433, #1763, #2638, #2814, #349, #2592 ) ) ;
#3075 = CIRCLE ( 'NONE', #471, 0.09999999999999993616 ) ;
#3076 = DIRECTION ( 'NONE',  ( -0.000000000000000000, -0.000000000000000000, -1.000000000000000000 ) ) ;
#3077 = ORIENTED_EDGE ( 'NONE', *, *, #129, .T. ) ;
#3078 = ORIENTED_EDGE ( 'NONE', *, *, #1521, .T. ) ;
#3079 = CARTESIAN_POINT ( 'NONE',  ( -0.7750000000000002442, 0.9750000000000227374, 0.1750000000000001277 ) ) ;
#3080 = CARTESIAN_POINT ( 'NONE',  ( -0.9666326279058929938, 0.09058666578588239759, -0.1749999999999999056 ) ) ;
#3081 = EDGE_CURVE ( 'NONE', #792, #861, #2659, .T. ) ;
#3082 = ADVANCED_FACE ( 'NONE', ( #1976 ), #2691, .F. ) ;
#3083 = ADVANCED_FACE ( 'NONE', ( #788 ), #2460, .T. ) ;
#3084 =( LENGTH_UNIT ( ) NAMED_UNIT ( * ) SI_UNIT ( .MILLI., .METRE. ) );
#3085 = EDGE_CURVE ( 'NONE', #2895, #2390, #2153, .T. ) ;
#3086 = PLANE ( 'NONE',  #2901 ) ;
#3087 = LINE ( 'NONE', #2381, #2755 ) ;
#3088 = ORIENTED_EDGE ( 'NONE', *, *, #2572, .F. ) ;
#3089 = DIRECTION ( 'NONE',  ( -0.000000000000000000, -0.000000000000000000, -1.000000000000000000 ) ) ;
#3090 = EDGE_CURVE ( 'NONE', #1484, #1691, #1010, .T. ) ;
#3091 = ORIENTED_EDGE ( 'NONE', *, *, #1712, .F. ) ;
#3092 = AXIS2_PLACEMENT_3D ( 'NONE', #1859, #1633, #1372 ) ;
#3093 = EDGE_LOOP ( 'NONE', ( #2475, #1773, #1109, #1910 ) ) ;
#3094 = AXIS2_PLACEMENT_3D ( 'NONE', #2055, #123, #848 ) ;
#3095 = EDGE_CURVE ( 'NONE', #2254, #1571, #315, .T. ) ;
#3096 = AXIS2_PLACEMENT_3D ( 'NONE', #1012, #297, #1266 ) ;
#3097 = AXIS2_PLACEMENT_3D ( 'NONE', #465, #1411, #1663 ) ;
#3098 = DIRECTION ( 'NONE',  ( 1.000000000000000000, 0.000000000000000000, 0.000000000000000000 ) ) ;
#3099 = LINE ( 'NONE', #2151, #233 ) ;
#3101 = VERTEX_POINT ( 'NONE', #2708 ) ;
#3100 = ORIENTED_EDGE ( 'NONE', *, *, #1110, .F. ) ;
#3102 = CARTESIAN_POINT ( 'NONE',  ( 1.011925960798826463, 0.2596236853864398175, 1.125000000000000222 ) ) ;
#3103 = DIRECTION ( 'NONE',  ( -1.000000000000000000, 0.000000000000000000, -0.000000000000000000 ) ) ;
#3104 = CARTESIAN_POINT ( 'NONE',  ( -0.7750000000000002442, 0.9750000000000227374, 1.449999999999999512 ) ) ;
#3105 = PLANE ( 'NONE',  #3092 ) ;
#3106 = EDGE_LOOP ( 'NONE', ( #828, #1941, #68, #2617 ) ) ;
#3107 = VECTOR ( 'NONE', #409, 1000.000000000000000 ) ;
#3108 = ORIENTED_EDGE ( 'NONE', *, *, #1026, .T. ) ;
#3109 = DIRECTION ( 'NONE',  ( -0.000000000000000000, 0.000000000000000000, -1.000000000000000000 ) ) ;
#3110 = VERTEX_POINT ( 'NONE', #1742 ) ;
#3111 = CARTESIAN_POINT ( 'NONE',  ( -0.8275630370946016612, 0.9750000000000226263, -0.7749999999999999112 ) ) ;
#3112 = ADVANCED_FACE ( 'NONE', ( #1263 ), #2909, .T. ) ;
ENDSEC;
END-ISO-10303-21;
